{"id":"src/workers/double","absPath":"/Users/ammarahmed/Work/Projects/react-native/react-native-workers/example/src/workers/double.ts","requestedFrom":"/Users/ammarahmed/Work/Projects/react-native/react-native-workers/example/src/App.tsx"}
{"id":"src/workers/blobutil","absPath":"/Users/ammarahmed/Work/Projects/react-native/react-native-workers/example/src/workers/blobutil.ts","requestedFrom":"/Users/ammarahmed/Work/Projects/react-native/react-native-workers/example/src/App.tsx"}
{"id":"src/workers/double","absPath":"/Users/ammarahmed/Work/Projects/react-native/react-native-workers/example/src/workers/double.ts","requestedFrom":"/Users/ammarahmed/Work/Projects/react-native/react-native-workers/example/src/App.tsx"}
{"id":"src/workers/blobutil","absPath":"/Users/ammarahmed/Work/Projects/react-native/react-native-workers/example/src/workers/blobutil.ts","requestedFrom":"/Users/ammarahmed/Work/Projects/react-native/react-native-workers/example/src/App.tsx"}
{"id":"src/workers/double","absPath":"/Users/ammarahmed/Work/Projects/react-native/react-native-workers/example/src/workers/double.ts","requestedFrom":"/Users/ammarahmed/Work/Projects/react-native/react-native-workers/example/src/App.tsx"}
{"id":"src/workers/blobutil","absPath":"/Users/ammarahmed/Work/Projects/react-native/react-native-workers/example/src/workers/blobutil.ts","requestedFrom":"/Users/ammarahmed/Work/Projects/react-native/react-native-workers/example/src/App.tsx"}
{"id":"src/workers/double","absPath":"/Users/ammarahmed/Work/Projects/react-native/react-native-workers/example/src/workers/double.ts","requestedFrom":"/Users/ammarahmed/Work/Projects/react-native/react-native-workers/example/src/App.tsx"}
{"id":"src/workers/blobutil","absPath":"/Users/ammarahmed/Work/Projects/react-native/react-native-workers/example/src/workers/blobutil.ts","requestedFrom":"/Users/ammarahmed/Work/Projects/react-native/react-native-workers/example/src/App.tsx"}
{"id":"src/workers/gzip","absPath":"/Users/ammarahmed/Work/Projects/react-native/react-native-workers/example/src/workers/gzip.ts","requestedFrom":"/Users/ammarahmed/Work/Projects/react-native/react-native-workers/example/src/App.tsx"}
{"id":"src/workers/double","absPath":"/Users/ammarahmed/Work/Projects/react-native/react-native-workers/example/src/workers/double.ts","requestedFrom":"/Users/ammarahmed/Work/Projects/react-native/react-native-workers/example/src/App.tsx"}
{"id":"src/workers/blobutil","absPath":"/Users/ammarahmed/Work/Projects/react-native/react-native-workers/example/src/workers/blobutil.js","requestedFrom":"/Users/ammarahmed/Work/Projects/react-native/react-native-workers/example/src/App.tsx"}
{"id":"src/workers/gzip","absPath":"/Users/ammarahmed/Work/Projects/react-native/react-native-workers/example/src/workers/gzip.ts","requestedFrom":"/Users/ammarahmed/Work/Projects/react-native/react-native-workers/example/src/App.tsx"}
{"id":"src/workers/double","absPath":"/Users/ammarahmed/Work/Projects/react-native/react-native-workers/example/src/workers/double.ts","requestedFrom":"/Users/ammarahmed/Work/Projects/react-native/react-native-workers/example/src/App.tsx"}
{"id":"src/workers/blobutil","absPath":"/Users/ammarahmed/Work/Projects/react-native/react-native-workers/example/src/workers/blobutil.js","requestedFrom":"/Users/ammarahmed/Work/Projects/react-native/react-native-workers/example/src/App.tsx"}
{"id":"src/workers/gzip","absPath":"/Users/ammarahmed/Work/Projects/react-native/react-native-workers/example/src/workers/gzip.ts","requestedFrom":"/Users/ammarahmed/Work/Projects/react-native/react-native-workers/example/src/App.tsx"}
{"id":"src/workers/double","absPath":"/Users/ammarahmed/Work/Projects/react-native/react-native-workers/example/src/workers/double.ts","requestedFrom":"/Users/ammarahmed/Work/Projects/react-native/react-native-workers/example/src/App.tsx"}
{"id":"src/workers/blobutil","absPath":"/Users/ammarahmed/Work/Projects/react-native/react-native-workers/example/src/workers/blobutil.js","requestedFrom":"/Users/ammarahmed/Work/Projects/react-native/react-native-workers/example/src/App.tsx"}
{"id":"src/workers/gzip","absPath":"/Users/ammarahmed/Work/Projects/react-native/react-native-workers/example/src/workers/gzip.ts","requestedFrom":"/Users/ammarahmed/Work/Projects/react-native/react-native-workers/example/src/App.tsx"}
{"id":"src/workers/double","absPath":"/Users/ammarahmed/Work/Projects/react-native/react-native-workers/example/src/workers/double.ts","requestedFrom":"/Users/ammarahmed/Work/Projects/react-native/react-native-workers/example/src/App.tsx"}
{"id":"src/workers/blobutil","absPath":"/Users/ammarahmed/Work/Projects/react-native/react-native-workers/example/src/workers/blobutil.js","requestedFrom":"/Users/ammarahmed/Work/Projects/react-native/react-native-workers/example/src/App.tsx"}
{"id":"src/workers/gzip","absPath":"/Users/ammarahmed/Work/Projects/react-native/react-native-workers/example/src/workers/gzip.ts","requestedFrom":"/Users/ammarahmed/Work/Projects/react-native/react-native-workers/example/src/App.tsx"}
{"id":"src/workers/double","absPath":"/Users/ammarahmed/Work/Projects/react-native/react-native-workers/example/src/workers/double.ts","requestedFrom":"/Users/ammarahmed/Work/Projects/react-native/react-native-workers/example/src/App.tsx"}
{"id":"src/workers/blobutil","absPath":"/Users/ammarahmed/Work/Projects/react-native/react-native-workers/example/src/workers/blobutil.js","requestedFrom":"/Users/ammarahmed/Work/Projects/react-native/react-native-workers/example/src/App.tsx"}
{"id":"src/workers/gzip","absPath":"/Users/ammarahmed/Work/Projects/react-native/react-native-workers/example/src/workers/gzip.ts","requestedFrom":"/Users/ammarahmed/Work/Projects/react-native/react-native-workers/example/src/App.tsx"}
{"id":"src/workers/double","absPath":"/Users/ammarahmed/Work/Projects/react-native/react-native-workers/example/src/workers/double.ts","requestedFrom":"/Users/ammarahmed/Work/Projects/react-native/react-native-workers/example/src/App.tsx"}
{"id":"src/workers/blobutil","absPath":"/Users/ammarahmed/Work/Projects/react-native/react-native-workers/example/src/workers/blobutil.js","requestedFrom":"/Users/ammarahmed/Work/Projects/react-native/react-native-workers/example/src/App.tsx"}
{"id":"src/workers/gzip","absPath":"/Users/ammarahmed/Work/Projects/react-native/react-native-workers/example/src/workers/gzip.ts","requestedFrom":"/Users/ammarahmed/Work/Projects/react-native/react-native-workers/example/src/App.tsx"}
{"id":"src/workers/double","absPath":"/Users/ammarahmed/Work/Projects/react-native/react-native-workers/example/src/workers/double.ts","requestedFrom":"/Users/ammarahmed/Work/Projects/react-native/react-native-workers/example/src/App.tsx"}
{"id":"src/workers/blobutil","absPath":"/Users/ammarahmed/Work/Projects/react-native/react-native-workers/example/src/workers/blobutil.ts","requestedFrom":"/Users/ammarahmed/Work/Projects/react-native/react-native-workers/example/src/App.tsx"}
{"id":"src/workers/blob","absPath":"/Users/ammarahmed/Work/Projects/react-native/react-native-workers/example/src/workers/blob.ts","requestedFrom":"/Users/ammarahmed/Work/Projects/react-native/react-native-workers/example/src/App.tsx"}
{"id":"src/workers/gzip","absPath":"/Users/ammarahmed/Work/Projects/react-native/react-native-workers/example/src/workers/gzip.ts","requestedFrom":"/Users/ammarahmed/Work/Projects/react-native/react-native-workers/example/src/App.tsx"}
{"id":"src/workers/double","absPath":"/Users/ammarahmed/Work/Projects/react-native/react-native-workers/example/src/workers/double.ts","requestedFrom":"/Users/ammarahmed/Work/Projects/react-native/react-native-workers/example/src/App.tsx"}
{"id":"src/workers/blobutil","absPath":"/Users/ammarahmed/Work/Projects/react-native/react-native-workers/example/src/workers/blobutil.ts","requestedFrom":"/Users/ammarahmed/Work/Projects/react-native/react-native-workers/example/src/App.tsx"}
{"id":"src/workers/blob","absPath":"/Users/ammarahmed/Work/Projects/react-native/react-native-workers/example/src/workers/blob.ts","requestedFrom":"/Users/ammarahmed/Work/Projects/react-native/react-native-workers/example/src/App.tsx"}
{"id":"src/workers/gzip","absPath":"/Users/ammarahmed/Work/Projects/react-native/react-native-workers/example/src/workers/gzip.ts","requestedFrom":"/Users/ammarahmed/Work/Projects/react-native/react-native-workers/example/src/App.tsx"}
{"id":"src/workers/double","absPath":"/Users/ammarahmed/Work/Projects/react-native/react-native-workers/example/src/workers/double.ts","requestedFrom":"/Users/ammarahmed/Work/Projects/react-native/react-native-workers/example/src/App.tsx"}
{"id":"src/workers/blobutil","absPath":"/Users/ammarahmed/Work/Projects/react-native/react-native-workers/example/src/workers/blobutil.ts","requestedFrom":"/Users/ammarahmed/Work/Projects/react-native/react-native-workers/example/src/App.tsx"}
{"id":"src/workers/blob","absPath":"/Users/ammarahmed/Work/Projects/react-native/react-native-workers/example/src/workers/blob.ts","requestedFrom":"/Users/ammarahmed/Work/Projects/react-native/react-native-workers/example/src/App.tsx"}
{"id":"src/workers/mmkv","absPath":"/Users/ammarahmed/Work/Projects/react-native/react-native-workers/example/src/workers/mmkv.ts","requestedFrom":"/Users/ammarahmed/Work/Projects/react-native/react-native-workers/example/src/App.tsx"}
{"id":"src/workers/gzip","absPath":"/Users/ammarahmed/Work/Projects/react-native/react-native-workers/example/src/workers/gzip.ts","requestedFrom":"/Users/ammarahmed/Work/Projects/react-native/react-native-workers/example/src/App.tsx"}
{"id":"src/workers/double","absPath":"/Users/ammarahmed/Work/Projects/react-native/react-native-workers/example/src/workers/double.ts","requestedFrom":"/Users/ammarahmed/Work/Projects/react-native/react-native-workers/example/src/App.tsx"}
{"id":"src/workers/blobutil","absPath":"/Users/ammarahmed/Work/Projects/react-native/react-native-workers/example/src/workers/blobutil.ts","requestedFrom":"/Users/ammarahmed/Work/Projects/react-native/react-native-workers/example/src/App.tsx"}
{"id":"src/workers/blob","absPath":"/Users/ammarahmed/Work/Projects/react-native/react-native-workers/example/src/workers/blob.ts","requestedFrom":"/Users/ammarahmed/Work/Projects/react-native/react-native-workers/example/src/App.tsx"}
{"id":"src/workers/mmkv","absPath":"/Users/ammarahmed/Work/Projects/react-native/react-native-workers/example/src/workers/mmkv.ts","requestedFrom":"/Users/ammarahmed/Work/Projects/react-native/react-native-workers/example/src/App.tsx"}
{"id":"src/workers/mmkv2","absPath":"/Users/ammarahmed/Work/Projects/react-native/react-native-workers/example/src/workers/mmkv2.ts","requestedFrom":"/Users/ammarahmed/Work/Projects/react-native/react-native-workers/example/src/App.tsx"}
{"id":"src/workers/gzip","absPath":"/Users/ammarahmed/Work/Projects/react-native/react-native-workers/example/src/workers/gzip.ts","requestedFrom":"/Users/ammarahmed/Work/Projects/react-native/react-native-workers/example/src/App.tsx"}
{"id":"src/workers/double","absPath":"/Users/ammarahmed/Work/Projects/react-native/react-native-workers/example/src/workers/double.ts","requestedFrom":"/Users/ammarahmed/Work/Projects/react-native/react-native-workers/example/src/App.tsx"}
{"id":"src/workers/blobutil","absPath":"/Users/ammarahmed/Work/Projects/react-native/react-native-workers/example/src/workers/blobutil.ts","requestedFrom":"/Users/ammarahmed/Work/Projects/react-native/react-native-workers/example/src/App.tsx"}
{"id":"src/workers/blob","absPath":"/Users/ammarahmed/Work/Projects/react-native/react-native-workers/example/src/workers/blob.ts","requestedFrom":"/Users/ammarahmed/Work/Projects/react-native/react-native-workers/example/src/App.tsx"}
{"id":"src/workers/mmkv","absPath":"/Users/ammarahmed/Work/Projects/react-native/react-native-workers/example/src/workers/mmkv.ts","requestedFrom":"/Users/ammarahmed/Work/Projects/react-native/react-native-workers/example/src/App.tsx"}
{"id":"src/workers/mmkv2","absPath":"/Users/ammarahmed/Work/Projects/react-native/react-native-workers/example/src/workers/mmkv2.ts","requestedFrom":"/Users/ammarahmed/Work/Projects/react-native/react-native-workers/example/src/App.tsx"}
{"id":"src/workers/gzip","absPath":"/Users/ammarahmed/Work/Projects/react-native/react-native-workers/example/src/workers/gzip.ts","requestedFrom":"/Users/ammarahmed/Work/Projects/react-native/react-native-workers/example/src/App.tsx"}
{"id":"src/workers/double","absPath":"/Users/ammarahmed/Work/Projects/react-native/react-native-workers/example/src/workers/double.ts","requestedFrom":"/Users/ammarahmed/Work/Projects/react-native/react-native-workers/example/src/App.tsx"}
{"id":"src/workers/blobutil","absPath":"/Users/ammarahmed/Work/Projects/react-native/react-native-workers/example/src/workers/blobutil.ts","requestedFrom":"/Users/ammarahmed/Work/Projects/react-native/react-native-workers/example/src/App.tsx"}
{"id":"src/workers/blob","absPath":"/Users/ammarahmed/Work/Projects/react-native/react-native-workers/example/src/workers/blob.ts","requestedFrom":"/Users/ammarahmed/Work/Projects/react-native/react-native-workers/example/src/App.tsx"}
{"id":"src/workers/mmkv","absPath":"/Users/ammarahmed/Work/Projects/react-native/react-native-workers/example/src/workers/mmkv.ts","requestedFrom":"/Users/ammarahmed/Work/Projects/react-native/react-native-workers/example/src/App.tsx"}
{"id":"src/workers/mmkv2","absPath":"/Users/ammarahmed/Work/Projects/react-native/react-native-workers/example/src/workers/mmkv2.ts","requestedFrom":"/Users/ammarahmed/Work/Projects/react-native/react-native-workers/example/src/App.tsx"}
{"id":"src/workers/gzip","absPath":"/Users/ammarahmed/Work/Projects/react-native/react-native-workers/example/src/workers/gzip.ts","requestedFrom":"/Users/ammarahmed/Work/Projects/react-native/react-native-workers/example/src/App.tsx"}
{"id":"src/workers/double","absPath":"/Users/ammarahmed/Work/Projects/react-native/react-native-workers/example/src/workers/double.ts","requestedFrom":"/Users/ammarahmed/Work/Projects/react-native/react-native-workers/example/src/App.tsx"}
{"id":"src/workers/blobutil","absPath":"/Users/ammarahmed/Work/Projects/react-native/react-native-workers/example/src/workers/blobutil.ts","requestedFrom":"/Users/ammarahmed/Work/Projects/react-native/react-native-workers/example/src/App.tsx"}
{"id":"src/workers/blob","absPath":"/Users/ammarahmed/Work/Projects/react-native/react-native-workers/example/src/workers/blob.ts","requestedFrom":"/Users/ammarahmed/Work/Projects/react-native/react-native-workers/example/src/App.tsx"}
{"id":"src/workers/mmkv","absPath":"/Users/ammarahmed/Work/Projects/react-native/react-native-workers/example/src/workers/mmkv.ts","requestedFrom":"/Users/ammarahmed/Work/Projects/react-native/react-native-workers/example/src/App.tsx"}
{"id":"src/workers/mmkv2","absPath":"/Users/ammarahmed/Work/Projects/react-native/react-native-workers/example/src/workers/mmkv2.ts","requestedFrom":"/Users/ammarahmed/Work/Projects/react-native/react-native-workers/example/src/App.tsx"}
{"id":"src/workers/gzip","absPath":"/Users/ammarahmed/Work/Projects/react-native/react-native-workers/example/src/workers/gzip.ts","requestedFrom":"/Users/ammarahmed/Work/Projects/react-native/react-native-workers/example/src/App.tsx"}
{"id":"src/workers/double","absPath":"/Users/ammarahmed/Work/Projects/react-native/react-native-workers/example/src/workers/double.ts","requestedFrom":"/Users/ammarahmed/Work/Projects/react-native/react-native-workers/example/src/App.tsx"}
{"id":"src/workers/blobutil","absPath":"/Users/ammarahmed/Work/Projects/react-native/react-native-workers/example/src/workers/blobutil.ts","requestedFrom":"/Users/ammarahmed/Work/Projects/react-native/react-native-workers/example/src/App.tsx"}
{"id":"src/workers/blob","absPath":"/Users/ammarahmed/Work/Projects/react-native/react-native-workers/example/src/workers/blob.ts","requestedFrom":"/Users/ammarahmed/Work/Projects/react-native/react-native-workers/example/src/App.tsx"}
{"id":"src/workers/mmkv","absPath":"/Users/ammarahmed/Work/Projects/react-native/react-native-workers/example/src/workers/mmkv.ts","requestedFrom":"/Users/ammarahmed/Work/Projects/react-native/react-native-workers/example/src/App.tsx"}
{"id":"src/workers/mmkv2","absPath":"/Users/ammarahmed/Work/Projects/react-native/react-native-workers/example/src/workers/mmkv2.ts","requestedFrom":"/Users/ammarahmed/Work/Projects/react-native/react-native-workers/example/src/App.tsx"}
{"id":"src/workers/gzip","absPath":"/Users/ammarahmed/Work/Projects/react-native/react-native-workers/example/src/workers/gzip.ts","requestedFrom":"/Users/ammarahmed/Work/Projects/react-native/react-native-workers/example/src/App.tsx"}
{"id":"src/workers/double","absPath":"/Users/ammarahmed/Work/Projects/react-native/react-native-workers/example/src/workers/double.ts","requestedFrom":"/Users/ammarahmed/Work/Projects/react-native/react-native-workers/example/src/App.tsx"}
{"id":"src/workers/blobutil","absPath":"/Users/ammarahmed/Work/Projects/react-native/react-native-workers/example/src/workers/blobutil.ts","requestedFrom":"/Users/ammarahmed/Work/Projects/react-native/react-native-workers/example/src/App.tsx"}
{"id":"src/workers/blob","absPath":"/Users/ammarahmed/Work/Projects/react-native/react-native-workers/example/src/workers/blob.ts","requestedFrom":"/Users/ammarahmed/Work/Projects/react-native/react-native-workers/example/src/App.tsx"}
{"id":"src/workers/mmkv","absPath":"/Users/ammarahmed/Work/Projects/react-native/react-native-workers/example/src/workers/mmkv.ts","requestedFrom":"/Users/ammarahmed/Work/Projects/react-native/react-native-workers/example/src/App.tsx"}
{"id":"src/workers/mmkv2","absPath":"/Users/ammarahmed/Work/Projects/react-native/react-native-workers/example/src/workers/mmkv2.ts","requestedFrom":"/Users/ammarahmed/Work/Projects/react-native/react-native-workers/example/src/App.tsx"}
{"id":"src/workers/gzip","absPath":"/Users/ammarahmed/Work/Projects/react-native/react-native-workers/example/src/workers/gzip.ts","requestedFrom":"/Users/ammarahmed/Work/Projects/react-native/react-native-workers/example/src/App.tsx"}
{"id":"src/workers/double","absPath":"/Users/ammarahmed/Work/Projects/react-native/react-native-workers/example/src/workers/double.ts","requestedFrom":"/Users/ammarahmed/Work/Projects/react-native/react-native-workers/example/src/App.tsx"}
{"id":"src/workers/blobutil","absPath":"/Users/ammarahmed/Work/Projects/react-native/react-native-workers/example/src/workers/blobutil.ts","requestedFrom":"/Users/ammarahmed/Work/Projects/react-native/react-native-workers/example/src/App.tsx"}
{"id":"src/workers/blob","absPath":"/Users/ammarahmed/Work/Projects/react-native/react-native-workers/example/src/workers/blob.ts","requestedFrom":"/Users/ammarahmed/Work/Projects/react-native/react-native-workers/example/src/App.tsx"}
{"id":"src/workers/mmkv","absPath":"/Users/ammarahmed/Work/Projects/react-native/react-native-workers/example/src/workers/mmkv.ts","requestedFrom":"/Users/ammarahmed/Work/Projects/react-native/react-native-workers/example/src/App.tsx"}
{"id":"src/workers/mmkv2","absPath":"/Users/ammarahmed/Work/Projects/react-native/react-native-workers/example/src/workers/mmkv2.ts","requestedFrom":"/Users/ammarahmed/Work/Projects/react-native/react-native-workers/example/src/App.tsx"}
{"id":"src/workers/gzip","absPath":"/Users/ammarahmed/Work/Projects/react-native/react-native-workers/example/src/workers/gzip.ts","requestedFrom":"/Users/ammarahmed/Work/Projects/react-native/react-native-workers/example/src/App.tsx"}
{"id":"src/workers/double","absPath":"/Users/ammarahmed/Work/Projects/react-native/react-native-workers/example/src/workers/double.ts","requestedFrom":"/Users/ammarahmed/Work/Projects/react-native/react-native-workers/example/src/App.tsx"}
{"id":"src/workers/blobutil","absPath":"/Users/ammarahmed/Work/Projects/react-native/react-native-workers/example/src/workers/blobutil.ts","requestedFrom":"/Users/ammarahmed/Work/Projects/react-native/react-native-workers/example/src/App.tsx"}
{"id":"src/workers/blob","absPath":"/Users/ammarahmed/Work/Projects/react-native/react-native-workers/example/src/workers/blob.ts","requestedFrom":"/Users/ammarahmed/Work/Projects/react-native/react-native-workers/example/src/App.tsx"}
{"id":"src/workers/mmkv","absPath":"/Users/ammarahmed/Work/Projects/react-native/react-native-workers/example/src/workers/mmkv.ts","requestedFrom":"/Users/ammarahmed/Work/Projects/react-native/react-native-workers/example/src/App.tsx"}
{"id":"src/workers/mmkv2","absPath":"/Users/ammarahmed/Work/Projects/react-native/react-native-workers/example/src/workers/mmkv2.ts","requestedFrom":"/Users/ammarahmed/Work/Projects/react-native/react-native-workers/example/src/App.tsx"}
{"id":"src/screens/workers/gzip","absPath":"/Users/ammarahmed/Work/Projects/react-native/react-native-workers/example/src/screens/workers/gzip.js","requestedFrom":"/Users/ammarahmed/Work/Projects/react-native/react-native-workers/example/src/screens/TestsScreen.tsx"}
{"id":"src/screens/workers/double","absPath":"/Users/ammarahmed/Work/Projects/react-native/react-native-workers/example/src/screens/workers/double.js","requestedFrom":"/Users/ammarahmed/Work/Projects/react-native/react-native-workers/example/src/screens/TestsScreen.tsx"}
{"id":"src/screens/workers/blobutil","absPath":"/Users/ammarahmed/Work/Projects/react-native/react-native-workers/example/src/screens/workers/blobutil.js","requestedFrom":"/Users/ammarahmed/Work/Projects/react-native/react-native-workers/example/src/screens/TestsScreen.tsx"}
{"id":"src/screens/workers/blob","absPath":"/Users/ammarahmed/Work/Projects/react-native/react-native-workers/example/src/screens/workers/blob.js","requestedFrom":"/Users/ammarahmed/Work/Projects/react-native/react-native-workers/example/src/screens/TestsScreen.tsx"}
{"id":"src/screens/workers/mmkv","absPath":"/Users/ammarahmed/Work/Projects/react-native/react-native-workers/example/src/screens/workers/mmkv.js","requestedFrom":"/Users/ammarahmed/Work/Projects/react-native/react-native-workers/example/src/screens/TestsScreen.tsx"}
{"id":"src/screens/workers/mmkv2","absPath":"/Users/ammarahmed/Work/Projects/react-native/react-native-workers/example/src/screens/workers/mmkv2.js","requestedFrom":"/Users/ammarahmed/Work/Projects/react-native/react-native-workers/example/src/screens/TestsScreen.tsx"}
{"id":"src/screens/workers/gzip","absPath":"/Users/ammarahmed/Work/Projects/react-native/react-native-workers/example/src/screens/workers/gzip.js","requestedFrom":"/Users/ammarahmed/Work/Projects/react-native/react-native-workers/example/src/screens/TestsScreen.tsx"}
{"id":"src/screens/workers/double","absPath":"/Users/ammarahmed/Work/Projects/react-native/react-native-workers/example/src/screens/workers/double.js","requestedFrom":"/Users/ammarahmed/Work/Projects/react-native/react-native-workers/example/src/screens/TestsScreen.tsx"}
{"id":"src/screens/workers/blobutil","absPath":"/Users/ammarahmed/Work/Projects/react-native/react-native-workers/example/src/screens/workers/blobutil.js","requestedFrom":"/Users/ammarahmed/Work/Projects/react-native/react-native-workers/example/src/screens/TestsScreen.tsx"}
{"id":"src/screens/workers/blob","absPath":"/Users/ammarahmed/Work/Projects/react-native/react-native-workers/example/src/screens/workers/blob.js","requestedFrom":"/Users/ammarahmed/Work/Projects/react-native/react-native-workers/example/src/screens/TestsScreen.tsx"}
{"id":"src/screens/workers/mmkv","absPath":"/Users/ammarahmed/Work/Projects/react-native/react-native-workers/example/src/screens/workers/mmkv.js","requestedFrom":"/Users/ammarahmed/Work/Projects/react-native/react-native-workers/example/src/screens/TestsScreen.tsx"}
{"id":"src/screens/workers/mmkv2","absPath":"/Users/ammarahmed/Work/Projects/react-native/react-native-workers/example/src/screens/workers/mmkv2.js","requestedFrom":"/Users/ammarahmed/Work/Projects/react-native/react-native-workers/example/src/screens/TestsScreen.tsx"}
{"id":"src/screens/workers/gzip","absPath":"/Users/ammarahmed/Work/Projects/react-native/react-native-workers/example/src/screens/workers/gzip.js","requestedFrom":"/Users/ammarahmed/Work/Projects/react-native/react-native-workers/example/src/screens/TestsScreen.tsx"}
{"id":"src/screens/workers/double","absPath":"/Users/ammarahmed/Work/Projects/react-native/react-native-workers/example/src/screens/workers/double.js","requestedFrom":"/Users/ammarahmed/Work/Projects/react-native/react-native-workers/example/src/screens/TestsScreen.tsx"}
{"id":"src/screens/workers/blobutil","absPath":"/Users/ammarahmed/Work/Projects/react-native/react-native-workers/example/src/screens/workers/blobutil.js","requestedFrom":"/Users/ammarahmed/Work/Projects/react-native/react-native-workers/example/src/screens/TestsScreen.tsx"}
{"id":"src/screens/workers/blob","absPath":"/Users/ammarahmed/Work/Projects/react-native/react-native-workers/example/src/screens/workers/blob.js","requestedFrom":"/Users/ammarahmed/Work/Projects/react-native/react-native-workers/example/src/screens/TestsScreen.tsx"}
{"id":"src/screens/workers/mmkv","absPath":"/Users/ammarahmed/Work/Projects/react-native/react-native-workers/example/src/screens/workers/mmkv.js","requestedFrom":"/Users/ammarahmed/Work/Projects/react-native/react-native-workers/example/src/screens/TestsScreen.tsx"}
{"id":"src/screens/workers/mmkv2","absPath":"/Users/ammarahmed/Work/Projects/react-native/react-native-workers/example/src/screens/workers/mmkv2.js","requestedFrom":"/Users/ammarahmed/Work/Projects/react-native/react-native-workers/example/src/screens/TestsScreen.tsx"}
{"id":"src/workers/gzip","absPath":"/Users/ammarahmed/Work/Projects/react-native/react-native-workers/example/src/workers/gzip.ts","requestedFrom":"/Users/ammarahmed/Work/Projects/react-native/react-native-workers/example/src/screens/TestsScreen.tsx"}
{"id":"src/workers/double","absPath":"/Users/ammarahmed/Work/Projects/react-native/react-native-workers/example/src/workers/double.ts","requestedFrom":"/Users/ammarahmed/Work/Projects/react-native/react-native-workers/example/src/screens/TestsScreen.tsx"}
{"id":"src/workers/blobutil","absPath":"/Users/ammarahmed/Work/Projects/react-native/react-native-workers/example/src/workers/blobutil.ts","requestedFrom":"/Users/ammarahmed/Work/Projects/react-native/react-native-workers/example/src/screens/TestsScreen.tsx"}
{"id":"src/workers/blob","absPath":"/Users/ammarahmed/Work/Projects/react-native/react-native-workers/example/src/workers/blob.ts","requestedFrom":"/Users/ammarahmed/Work/Projects/react-native/react-native-workers/example/src/screens/TestsScreen.tsx"}
{"id":"src/workers/mmkv","absPath":"/Users/ammarahmed/Work/Projects/react-native/react-native-workers/example/src/workers/mmkv.ts","requestedFrom":"/Users/ammarahmed/Work/Projects/react-native/react-native-workers/example/src/screens/TestsScreen.tsx"}
{"id":"src/workers/mmkv2","absPath":"/Users/ammarahmed/Work/Projects/react-native/react-native-workers/example/src/workers/mmkv2.ts","requestedFrom":"/Users/ammarahmed/Work/Projects/react-native/react-native-workers/example/src/screens/TestsScreen.tsx"}
{"id":"src/workers/uidemo","absPath":"/Users/ammarahmed/Work/Projects/react-native/react-native-workers/example/src/workers/uidemo.ts","requestedFrom":"/Users/ammarahmed/Work/Projects/react-native/react-native-workers/example/src/screens/UIWorkerDemoScreen.tsx"}
{"id":"src/workers/gzip","absPath":"/Users/ammarahmed/Work/Projects/react-native/react-native-workers/example/src/workers/gzip.ts","requestedFrom":"/Users/ammarahmed/Work/Projects/react-native/react-native-workers/example/src/screens/TestsScreen.tsx"}
{"id":"src/workers/double","absPath":"/Users/ammarahmed/Work/Projects/react-native/react-native-workers/example/src/workers/double.ts","requestedFrom":"/Users/ammarahmed/Work/Projects/react-native/react-native-workers/example/src/screens/TestsScreen.tsx"}
{"id":"src/workers/blobutil","absPath":"/Users/ammarahmed/Work/Projects/react-native/react-native-workers/example/src/workers/blobutil.ts","requestedFrom":"/Users/ammarahmed/Work/Projects/react-native/react-native-workers/example/src/screens/TestsScreen.tsx"}
{"id":"src/workers/blob","absPath":"/Users/ammarahmed/Work/Projects/react-native/react-native-workers/example/src/workers/blob.ts","requestedFrom":"/Users/ammarahmed/Work/Projects/react-native/react-native-workers/example/src/screens/TestsScreen.tsx"}
{"id":"src/workers/mmkv","absPath":"/Users/ammarahmed/Work/Projects/react-native/react-native-workers/example/src/workers/mmkv.ts","requestedFrom":"/Users/ammarahmed/Work/Projects/react-native/react-native-workers/example/src/screens/TestsScreen.tsx"}
{"id":"src/workers/mmkv2","absPath":"/Users/ammarahmed/Work/Projects/react-native/react-native-workers/example/src/workers/mmkv2.ts","requestedFrom":"/Users/ammarahmed/Work/Projects/react-native/react-native-workers/example/src/screens/TestsScreen.tsx"}
{"id":"src/workers/uidemo","absPath":"/Users/ammarahmed/Work/Projects/react-native/react-native-workers/example/src/workers/uidemo.ts","requestedFrom":"/Users/ammarahmed/Work/Projects/react-native/react-native-workers/example/src/screens/UIWorkerDemoScreen.tsx"}
{"id":"src/workers/uidemo","absPath":"/Users/ammarahmed/Work/Projects/react-native/react-native-workers/example/src/workers/uidemo.ts","requestedFrom":"/Users/ammarahmed/Work/Projects/react-native/react-native-workers/example/src/screens/UIWorkerDemoScreen.tsx"}
{"id":"src/workers/uidemo","absPath":"/Users/ammarahmed/Work/Projects/react-native/react-native-workers/example/src/workers/uidemo.ts","requestedFrom":"/Users/ammarahmed/Work/Projects/react-native/react-native-workers/example/src/screens/UIWorkerDemoScreen.tsx"}
{"id":"src/workers/gzip","absPath":"/Users/ammarahmed/Work/Projects/react-native/react-native-workers/example/src/workers/gzip.ts","requestedFrom":"/Users/ammarahmed/Work/Projects/react-native/react-native-workers/example/src/screens/TestsScreen.tsx"}
{"id":"src/workers/double","absPath":"/Users/ammarahmed/Work/Projects/react-native/react-native-workers/example/src/workers/double.ts","requestedFrom":"/Users/ammarahmed/Work/Projects/react-native/react-native-workers/example/src/screens/TestsScreen.tsx"}
{"id":"src/workers/blobutil","absPath":"/Users/ammarahmed/Work/Projects/react-native/react-native-workers/example/src/workers/blobutil.ts","requestedFrom":"/Users/ammarahmed/Work/Projects/react-native/react-native-workers/example/src/screens/TestsScreen.tsx"}
{"id":"src/workers/blob","absPath":"/Users/ammarahmed/Work/Projects/react-native/react-native-workers/example/src/workers/blob.ts","requestedFrom":"/Users/ammarahmed/Work/Projects/react-native/react-native-workers/example/src/screens/TestsScreen.tsx"}
{"id":"src/workers/mmkv","absPath":"/Users/ammarahmed/Work/Projects/react-native/react-native-workers/example/src/workers/mmkv.ts","requestedFrom":"/Users/ammarahmed/Work/Projects/react-native/react-native-workers/example/src/screens/TestsScreen.tsx"}
{"id":"src/workers/mmkv2","absPath":"/Users/ammarahmed/Work/Projects/react-native/react-native-workers/example/src/workers/mmkv2.ts","requestedFrom":"/Users/ammarahmed/Work/Projects/react-native/react-native-workers/example/src/screens/TestsScreen.tsx"}
{"id":"src/workers/uidemo","absPath":"/Users/ammarahmed/Work/Projects/react-native/react-native-workers/example/src/workers/uidemo.ts","requestedFrom":"/Users/ammarahmed/Work/Projects/react-native/react-native-workers/example/src/screens/UIWorkerDemoScreen.tsx"}
{"id":"src/workers/gzip","absPath":"/Users/ammarahmed/Work/Projects/react-native/react-native-workers/example/src/workers/gzip.ts","requestedFrom":"/Users/ammarahmed/Work/Projects/react-native/react-native-workers/example/src/screens/TestsScreen.tsx"}
{"id":"src/workers/double","absPath":"/Users/ammarahmed/Work/Projects/react-native/react-native-workers/example/src/workers/double.ts","requestedFrom":"/Users/ammarahmed/Work/Projects/react-native/react-native-workers/example/src/screens/TestsScreen.tsx"}
{"id":"src/workers/blobutil","absPath":"/Users/ammarahmed/Work/Projects/react-native/react-native-workers/example/src/workers/blobutil.ts","requestedFrom":"/Users/ammarahmed/Work/Projects/react-native/react-native-workers/example/src/screens/TestsScreen.tsx"}
{"id":"src/workers/blob","absPath":"/Users/ammarahmed/Work/Projects/react-native/react-native-workers/example/src/workers/blob.ts","requestedFrom":"/Users/ammarahmed/Work/Projects/react-native/react-native-workers/example/src/screens/TestsScreen.tsx"}
{"id":"src/workers/mmkv","absPath":"/Users/ammarahmed/Work/Projects/react-native/react-native-workers/example/src/workers/mmkv.ts","requestedFrom":"/Users/ammarahmed/Work/Projects/react-native/react-native-workers/example/src/screens/TestsScreen.tsx"}
{"id":"src/workers/mmkv2","absPath":"/Users/ammarahmed/Work/Projects/react-native/react-native-workers/example/src/workers/mmkv2.ts","requestedFrom":"/Users/ammarahmed/Work/Projects/react-native/react-native-workers/example/src/screens/TestsScreen.tsx"}
{"id":"src/workers/uidemo","absPath":"/Users/ammarahmed/Work/Projects/react-native/react-native-workers/example/src/workers/uidemo.ts","requestedFrom":"/Users/ammarahmed/Work/Projects/react-native/react-native-workers/example/src/screens/UIWorkerDemoScreen.tsx"}
{"id":"src/workers/uidemo","absPath":"/Users/ammarahmed/Work/Projects/react-native/react-native-workers/example/src/workers/uidemo.ts","requestedFrom":"/Users/ammarahmed/Work/Projects/react-native/react-native-workers/example/src/screens/UIWorkerDemoScreen.tsx"}
{"id":"src/workers/uidemo","absPath":"/Users/ammarahmed/Work/Projects/react-native/react-native-workers/example/src/workers/uidemo.ts","requestedFrom":"/Users/ammarahmed/Work/Projects/react-native/react-native-workers/example/src/screens/UIWorkerDemoScreen.tsx"}
{"id":"src/workers/gzip","absPath":"/Users/ammarahmed/Work/Projects/react-native/react-native-workers/example/src/workers/gzip.ts","requestedFrom":"/Users/ammarahmed/Work/Projects/react-native/react-native-workers/example/src/screens/TestsScreen.tsx"}
{"id":"src/workers/double","absPath":"/Users/ammarahmed/Work/Projects/react-native/react-native-workers/example/src/workers/double.ts","requestedFrom":"/Users/ammarahmed/Work/Projects/react-native/react-native-workers/example/src/screens/TestsScreen.tsx"}
{"id":"src/workers/blobutil","absPath":"/Users/ammarahmed/Work/Projects/react-native/react-native-workers/example/src/workers/blobutil.ts","requestedFrom":"/Users/ammarahmed/Work/Projects/react-native/react-native-workers/example/src/screens/TestsScreen.tsx"}
{"id":"src/workers/blob","absPath":"/Users/ammarahmed/Work/Projects/react-native/react-native-workers/example/src/workers/blob.ts","requestedFrom":"/Users/ammarahmed/Work/Projects/react-native/react-native-workers/example/src/screens/TestsScreen.tsx"}
{"id":"src/workers/mmkv","absPath":"/Users/ammarahmed/Work/Projects/react-native/react-native-workers/example/src/workers/mmkv.ts","requestedFrom":"/Users/ammarahmed/Work/Projects/react-native/react-native-workers/example/src/screens/TestsScreen.tsx"}
{"id":"src/workers/mmkv2","absPath":"/Users/ammarahmed/Work/Projects/react-native/react-native-workers/example/src/workers/mmkv2.ts","requestedFrom":"/Users/ammarahmed/Work/Projects/react-native/react-native-workers/example/src/screens/TestsScreen.tsx"}
{"id":"src/workers/uidemo","absPath":"/Users/ammarahmed/Work/Projects/react-native/react-native-workers/example/src/workers/uidemo.ts","requestedFrom":"/Users/ammarahmed/Work/Projects/react-native/react-native-workers/example/src/screens/UIWorkerDemoScreen.tsx"}
{"id":"src/workers/uidemo","absPath":"/Users/ammarahmed/Work/Projects/react-native/react-native-workers/example/src/workers/uidemo.ts","requestedFrom":"/Users/ammarahmed/Work/Projects/react-native/react-native-workers/example/src/screens/UIWorkerDemoScreen.tsx"}
{"id":"src/workers/uidemo","absPath":"/Users/ammarahmed/Work/Projects/react-native/react-native-workers/example/src/workers/uidemo.ts","requestedFrom":"/Users/ammarahmed/Work/Projects/react-native/react-native-workers/example/src/screens/UIWorkerDemoScreen.tsx"}
{"id":"src/workers/uidemo","absPath":"/Users/ammarahmed/Work/Projects/react-native/react-native-workers/example/src/workers/uidemo.ts","requestedFrom":"/Users/ammarahmed/Work/Projects/react-native/react-native-workers/example/src/screens/UIWorkerDemoScreen.tsx"}
{"id":"src/workers/search","absPath":"/Users/ammarahmed/Work/Projects/react-native/react-native-workers/example/src/workers/search.ts","requestedFrom":"/Users/ammarahmed/Work/Projects/react-native/react-native-workers/example/src/screens/SearchServiceScreen.tsx"}
{"id":"src/workers/search","absPath":"/Users/ammarahmed/Work/Projects/react-native/react-native-workers/example/src/workers/search.ts","requestedFrom":"/Users/ammarahmed/Work/Projects/react-native/react-native-workers/example/src/screens/SearchServiceScreen.tsx"}
{"id":"src/workers/uidemo","absPath":"/Users/ammarahmed/Work/Projects/react-native/react-native-workers/example/src/workers/uidemo.ts","requestedFrom":"/Users/ammarahmed/Work/Projects/react-native/react-native-workers/example/src/screens/UIWorkerDemoScreen.tsx"}
{"id":"src/workers/uidemo","absPath":"/Users/ammarahmed/Work/Projects/react-native/react-native-workers/example/src/workers/uidemo.ts","requestedFrom":"/Users/ammarahmed/Work/Projects/react-native/react-native-workers/example/src/screens/UIWorkerDemoScreen.tsx"}
{"id":"src/workers/gzip","absPath":"/Users/ammarahmed/Work/Projects/react-native/react-native-workers/example/src/workers/gzip.ts","requestedFrom":"/Users/ammarahmed/Work/Projects/react-native/react-native-workers/example/src/screens/TestsScreen.tsx"}
{"id":"src/workers/double","absPath":"/Users/ammarahmed/Work/Projects/react-native/react-native-workers/example/src/workers/double.ts","requestedFrom":"/Users/ammarahmed/Work/Projects/react-native/react-native-workers/example/src/screens/TestsScreen.tsx"}
{"id":"src/workers/blobutil","absPath":"/Users/ammarahmed/Work/Projects/react-native/react-native-workers/example/src/workers/blobutil.ts","requestedFrom":"/Users/ammarahmed/Work/Projects/react-native/react-native-workers/example/src/screens/TestsScreen.tsx"}
{"id":"src/workers/blob","absPath":"/Users/ammarahmed/Work/Projects/react-native/react-native-workers/example/src/workers/blob.ts","requestedFrom":"/Users/ammarahmed/Work/Projects/react-native/react-native-workers/example/src/screens/TestsScreen.tsx"}
{"id":"src/workers/mmkv","absPath":"/Users/ammarahmed/Work/Projects/react-native/react-native-workers/example/src/workers/mmkv.ts","requestedFrom":"/Users/ammarahmed/Work/Projects/react-native/react-native-workers/example/src/screens/TestsScreen.tsx"}
{"id":"src/workers/mmkv2","absPath":"/Users/ammarahmed/Work/Projects/react-native/react-native-workers/example/src/workers/mmkv2.ts","requestedFrom":"/Users/ammarahmed/Work/Projects/react-native/react-native-workers/example/src/screens/TestsScreen.tsx"}
{"id":"src/workers/notes","absPath":"/Users/ammarahmed/Work/Projects/react-native/react-native-workers/example/src/workers/notes.ts","requestedFrom":"/Users/ammarahmed/Work/Projects/react-native/react-native-workers/example/src/screens/NotesScreen.tsx"}
{"id":"src/workers/notes","absPath":"/Users/ammarahmed/Work/Projects/react-native/react-native-workers/example/src/workers/notes.ts","requestedFrom":"/Users/ammarahmed/Work/Projects/react-native/react-native-workers/example/src/screens/NotesScreen.tsx"}
{"id":"src/workers/notes","absPath":"/Users/ammarahmed/Work/Projects/react-native/react-native-workers/example/src/workers/notes.ts","requestedFrom":"/Users/ammarahmed/Work/Projects/react-native/react-native-workers/example/src/screens/NotesScreen.tsx"}
{"id":"src/workers/uidemo","absPath":"/Users/ammarahmed/Work/Projects/react-native/react-native-workers/example/src/workers/uidemo.ts","requestedFrom":"/Users/ammarahmed/Work/Projects/react-native/react-native-workers/example/src/screens/UIWorkerDemoScreen.tsx"}
{"id":"src/workers/uidemo","absPath":"/Users/ammarahmed/Work/Projects/react-native/react-native-workers/example/src/workers/uidemo.ts","requestedFrom":"/Users/ammarahmed/Work/Projects/react-native/react-native-workers/example/src/screens/UIWorkerDemoScreen.tsx"}
{"id":"src/workers/search","absPath":"/Users/ammarahmed/Work/Projects/react-native/react-native-workers/example/src/workers/search.ts","requestedFrom":"/Users/ammarahmed/Work/Projects/react-native/react-native-workers/example/src/screens/SearchServiceScreen.tsx"}
{"id":"src/workers/gzip","absPath":"/Users/ammarahmed/Work/Projects/react-native/react-native-workers/example/src/workers/gzip.ts","requestedFrom":"/Users/ammarahmed/Work/Projects/react-native/react-native-workers/example/src/screens/TestsScreen.tsx"}
{"id":"src/workers/double","absPath":"/Users/ammarahmed/Work/Projects/react-native/react-native-workers/example/src/workers/double.ts","requestedFrom":"/Users/ammarahmed/Work/Projects/react-native/react-native-workers/example/src/screens/TestsScreen.tsx"}
{"id":"src/workers/blobutil","absPath":"/Users/ammarahmed/Work/Projects/react-native/react-native-workers/example/src/workers/blobutil.ts","requestedFrom":"/Users/ammarahmed/Work/Projects/react-native/react-native-workers/example/src/screens/TestsScreen.tsx"}
{"id":"src/workers/blob","absPath":"/Users/ammarahmed/Work/Projects/react-native/react-native-workers/example/src/workers/blob.ts","requestedFrom":"/Users/ammarahmed/Work/Projects/react-native/react-native-workers/example/src/screens/TestsScreen.tsx"}
{"id":"src/workers/mmkv","absPath":"/Users/ammarahmed/Work/Projects/react-native/react-native-workers/example/src/workers/mmkv.ts","requestedFrom":"/Users/ammarahmed/Work/Projects/react-native/react-native-workers/example/src/screens/TestsScreen.tsx"}
{"id":"src/workers/mmkv2","absPath":"/Users/ammarahmed/Work/Projects/react-native/react-native-workers/example/src/workers/mmkv2.ts","requestedFrom":"/Users/ammarahmed/Work/Projects/react-native/react-native-workers/example/src/screens/TestsScreen.tsx"}
{"id":"src/workers/downloads","absPath":"/Users/ammarahmed/Work/Projects/react-native/react-native-workers/example/src/workers/downloads.ts","requestedFrom":"/Users/ammarahmed/Work/Projects/react-native/react-native-workers/example/src/screens/DownloadsScreen.tsx"}
{"id":"src/workers/notes","absPath":"/Users/ammarahmed/Work/Projects/react-native/react-native-workers/example/src/workers/notes.ts","requestedFrom":"/Users/ammarahmed/Work/Projects/react-native/react-native-workers/example/src/screens/NotesScreen.tsx"}
{"id":"src/workers/uidemo","absPath":"/Users/ammarahmed/Work/Projects/react-native/react-native-workers/example/src/workers/uidemo.ts","requestedFrom":"/Users/ammarahmed/Work/Projects/react-native/react-native-workers/example/src/screens/UIWorkerDemoScreen.tsx"}
{"id":"src/workers/uidemo","absPath":"/Users/ammarahmed/Work/Projects/react-native/react-native-workers/example/src/workers/uidemo.ts","requestedFrom":"/Users/ammarahmed/Work/Projects/react-native/react-native-workers/example/src/screens/UIWorkerDemoScreen.tsx"}
{"id":"src/workers/search","absPath":"/Users/ammarahmed/Work/Projects/react-native/react-native-workers/example/src/workers/search.ts","requestedFrom":"/Users/ammarahmed/Work/Projects/react-native/react-native-workers/example/src/screens/SearchServiceScreen.tsx"}
{"id":"src/workers/downloads","absPath":"/Users/ammarahmed/Work/Projects/react-native/react-native-workers/example/src/workers/downloads.ts","requestedFrom":"/Users/ammarahmed/Work/Projects/react-native/react-native-workers/example/src/screens/DownloadsScreen.tsx"}
{"id":"src/workers/gzip","absPath":"/Users/ammarahmed/Work/Projects/react-native/react-native-workers/example/src/workers/gzip.ts","requestedFrom":"/Users/ammarahmed/Work/Projects/react-native/react-native-workers/example/src/screens/TestsScreen.tsx"}
{"id":"src/workers/double","absPath":"/Users/ammarahmed/Work/Projects/react-native/react-native-workers/example/src/workers/double.ts","requestedFrom":"/Users/ammarahmed/Work/Projects/react-native/react-native-workers/example/src/screens/TestsScreen.tsx"}
{"id":"src/workers/blobutil","absPath":"/Users/ammarahmed/Work/Projects/react-native/react-native-workers/example/src/workers/blobutil.ts","requestedFrom":"/Users/ammarahmed/Work/Projects/react-native/react-native-workers/example/src/screens/TestsScreen.tsx"}
{"id":"src/workers/blob","absPath":"/Users/ammarahmed/Work/Projects/react-native/react-native-workers/example/src/workers/blob.ts","requestedFrom":"/Users/ammarahmed/Work/Projects/react-native/react-native-workers/example/src/screens/TestsScreen.tsx"}
{"id":"src/workers/mmkv","absPath":"/Users/ammarahmed/Work/Projects/react-native/react-native-workers/example/src/workers/mmkv.ts","requestedFrom":"/Users/ammarahmed/Work/Projects/react-native/react-native-workers/example/src/screens/TestsScreen.tsx"}
{"id":"src/workers/mmkv2","absPath":"/Users/ammarahmed/Work/Projects/react-native/react-native-workers/example/src/workers/mmkv2.ts","requestedFrom":"/Users/ammarahmed/Work/Projects/react-native/react-native-workers/example/src/screens/TestsScreen.tsx"}
{"id":"src/workers/downloads","absPath":"/Users/ammarahmed/Work/Projects/react-native/react-native-workers/example/src/workers/downloads.ts","requestedFrom":"/Users/ammarahmed/Work/Projects/react-native/react-native-workers/example/src/screens/DownloadsScreen.tsx"}
{"id":"src/workers/downloads","absPath":"/Users/ammarahmed/Work/Projects/react-native/react-native-workers/example/src/workers/downloads.ts","requestedFrom":"/Users/ammarahmed/Work/Projects/react-native/react-native-workers/example/src/screens/DownloadsScreen.tsx"}
{"id":"src/workers/downloads","absPath":"/Users/ammarahmed/Work/Projects/react-native/react-native-workers/example/src/workers/downloads.ts","requestedFrom":"/Users/ammarahmed/Work/Projects/react-native/react-native-workers/example/src/screens/DownloadsScreen.tsx"}
{"id":"src/workers/search","absPath":"/Users/ammarahmed/Work/Projects/react-native/react-native-workers/example/src/workers/search.ts","requestedFrom":"/Users/ammarahmed/Work/Projects/react-native/react-native-workers/example/src/screens/SearchServiceScreen.tsx"}
{"id":"src/workers/notes","absPath":"/Users/ammarahmed/Work/Projects/react-native/react-native-workers/example/src/workers/notes.ts","requestedFrom":"/Users/ammarahmed/Work/Projects/react-native/react-native-workers/example/src/screens/NotesScreen.tsx"}
{"id":"src/workers/gzip","absPath":"/Users/ammarahmed/Work/Projects/react-native/react-native-workers/example/src/workers/gzip.ts","requestedFrom":"/Users/ammarahmed/Work/Projects/react-native/react-native-workers/example/src/screens/TestsScreen.tsx"}
{"id":"src/workers/double","absPath":"/Users/ammarahmed/Work/Projects/react-native/react-native-workers/example/src/workers/double.ts","requestedFrom":"/Users/ammarahmed/Work/Projects/react-native/react-native-workers/example/src/screens/TestsScreen.tsx"}
{"id":"src/workers/blobutil","absPath":"/Users/ammarahmed/Work/Projects/react-native/react-native-workers/example/src/workers/blobutil.ts","requestedFrom":"/Users/ammarahmed/Work/Projects/react-native/react-native-workers/example/src/screens/TestsScreen.tsx"}
{"id":"src/workers/blob","absPath":"/Users/ammarahmed/Work/Projects/react-native/react-native-workers/example/src/workers/blob.ts","requestedFrom":"/Users/ammarahmed/Work/Projects/react-native/react-native-workers/example/src/screens/TestsScreen.tsx"}
{"id":"src/workers/mmkv","absPath":"/Users/ammarahmed/Work/Projects/react-native/react-native-workers/example/src/workers/mmkv.ts","requestedFrom":"/Users/ammarahmed/Work/Projects/react-native/react-native-workers/example/src/screens/TestsScreen.tsx"}
{"id":"src/workers/mmkv2","absPath":"/Users/ammarahmed/Work/Projects/react-native/react-native-workers/example/src/workers/mmkv2.ts","requestedFrom":"/Users/ammarahmed/Work/Projects/react-native/react-native-workers/example/src/screens/TestsScreen.tsx"}
{"id":"src/workers/uidemo","absPath":"/Users/ammarahmed/Work/Projects/react-native/react-native-workers/example/src/workers/uidemo.ts","requestedFrom":"/Users/ammarahmed/Work/Projects/react-native/react-native-workers/example/src/screens/UIWorkerDemoScreen.tsx"}
{"id":"src/workers/uidemo","absPath":"/Users/ammarahmed/Work/Projects/react-native/react-native-workers/example/src/workers/uidemo.ts","requestedFrom":"/Users/ammarahmed/Work/Projects/react-native/react-native-workers/example/src/screens/UIWorkerDemoScreen.tsx"}
{"id":"src/workers/imagefx","absPath":"/Users/ammarahmed/Work/Projects/react-native/react-native-workers/example/src/workers/imagefx.ts","requestedFrom":"/Users/ammarahmed/Work/Projects/react-native/react-native-workers/example/src/screens/ImageFxScreen.tsx"}
{"id":"src/workers/search","absPath":"/Users/ammarahmed/Work/Projects/react-native/react-native-workers/example/src/workers/search.ts","requestedFrom":"/Users/ammarahmed/Work/Projects/react-native/react-native-workers/example/src/screens/SearchServiceScreen.tsx"}
{"id":"src/workers/downloads","absPath":"/Users/ammarahmed/Work/Projects/react-native/react-native-workers/example/src/workers/downloads.ts","requestedFrom":"/Users/ammarahmed/Work/Projects/react-native/react-native-workers/example/src/screens/DownloadsScreen.tsx"}
{"id":"src/workers/notes","absPath":"/Users/ammarahmed/Work/Projects/react-native/react-native-workers/example/src/workers/notes.ts","requestedFrom":"/Users/ammarahmed/Work/Projects/react-native/react-native-workers/example/src/screens/NotesScreen.tsx"}
{"id":"src/workers/imagefx","absPath":"/Users/ammarahmed/Work/Projects/react-native/react-native-workers/example/src/workers/imagefx.ts","requestedFrom":"/Users/ammarahmed/Work/Projects/react-native/react-native-workers/example/src/screens/ImageFxScreen.tsx"}
{"id":"src/workers/uidemo","absPath":"/Users/ammarahmed/Work/Projects/react-native/react-native-workers/example/src/workers/uidemo.ts","requestedFrom":"/Users/ammarahmed/Work/Projects/react-native/react-native-workers/example/src/screens/UIWorkerDemoScreen.tsx"}
{"id":"src/workers/uidemo","absPath":"/Users/ammarahmed/Work/Projects/react-native/react-native-workers/example/src/workers/uidemo.ts","requestedFrom":"/Users/ammarahmed/Work/Projects/react-native/react-native-workers/example/src/screens/UIWorkerDemoScreen.tsx"}
{"id":"src/workers/gzip","absPath":"/Users/ammarahmed/Work/Projects/react-native/react-native-workers/example/src/workers/gzip.ts","requestedFrom":"/Users/ammarahmed/Work/Projects/react-native/react-native-workers/example/src/screens/TestsScreen.tsx"}
{"id":"src/workers/double","absPath":"/Users/ammarahmed/Work/Projects/react-native/react-native-workers/example/src/workers/double.ts","requestedFrom":"/Users/ammarahmed/Work/Projects/react-native/react-native-workers/example/src/screens/TestsScreen.tsx"}
{"id":"src/workers/blobutil","absPath":"/Users/ammarahmed/Work/Projects/react-native/react-native-workers/example/src/workers/blobutil.ts","requestedFrom":"/Users/ammarahmed/Work/Projects/react-native/react-native-workers/example/src/screens/TestsScreen.tsx"}
{"id":"src/workers/blob","absPath":"/Users/ammarahmed/Work/Projects/react-native/react-native-workers/example/src/workers/blob.ts","requestedFrom":"/Users/ammarahmed/Work/Projects/react-native/react-native-workers/example/src/screens/TestsScreen.tsx"}
{"id":"src/workers/mmkv","absPath":"/Users/ammarahmed/Work/Projects/react-native/react-native-workers/example/src/workers/mmkv.ts","requestedFrom":"/Users/ammarahmed/Work/Projects/react-native/react-native-workers/example/src/screens/TestsScreen.tsx"}
{"id":"src/workers/mmkv2","absPath":"/Users/ammarahmed/Work/Projects/react-native/react-native-workers/example/src/workers/mmkv2.ts","requestedFrom":"/Users/ammarahmed/Work/Projects/react-native/react-native-workers/example/src/screens/TestsScreen.tsx"}
{"id":"src/workers/imagefx","absPath":"/Users/ammarahmed/Work/Projects/react-native/react-native-workers/example/src/workers/imagefx.ts","requestedFrom":"/Users/ammarahmed/Work/Projects/react-native/react-native-workers/example/src/screens/ImageFxScreen.tsx"}
{"id":"src/workers/uidemo","absPath":"/Users/ammarahmed/Work/Projects/react-native/react-native-workers/example/src/workers/uidemo.ts","requestedFrom":"/Users/ammarahmed/Work/Projects/react-native/react-native-workers/example/src/screens/UIWorkerDemoScreen.tsx"}
{"id":"src/workers/notes","absPath":"/Users/ammarahmed/Work/Projects/react-native/react-native-workers/example/src/workers/notes.ts","requestedFrom":"/Users/ammarahmed/Work/Projects/react-native/react-native-workers/example/src/screens/NotesScreen.tsx"}
{"id":"src/workers/uidemo","absPath":"/Users/ammarahmed/Work/Projects/react-native/react-native-workers/example/src/workers/uidemo.ts","requestedFrom":"/Users/ammarahmed/Work/Projects/react-native/react-native-workers/example/src/screens/UIWorkerDemoScreen.tsx"}
{"id":"src/workers/search","absPath":"/Users/ammarahmed/Work/Projects/react-native/react-native-workers/example/src/workers/search.ts","requestedFrom":"/Users/ammarahmed/Work/Projects/react-native/react-native-workers/example/src/screens/SearchServiceScreen.tsx"}
{"id":"src/workers/gzip","absPath":"/Users/ammarahmed/Work/Projects/react-native/react-native-workers/example/src/workers/gzip.ts","requestedFrom":"/Users/ammarahmed/Work/Projects/react-native/react-native-workers/example/src/screens/TestsScreen.tsx"}
{"id":"src/workers/downloads","absPath":"/Users/ammarahmed/Work/Projects/react-native/react-native-workers/example/src/workers/downloads.ts","requestedFrom":"/Users/ammarahmed/Work/Projects/react-native/react-native-workers/example/src/screens/DownloadsScreen.tsx"}
{"id":"src/workers/imagefx","absPath":"/Users/ammarahmed/Work/Projects/react-native/react-native-workers/example/src/workers/imagefx.ts","requestedFrom":"/Users/ammarahmed/Work/Projects/react-native/react-native-workers/example/src/screens/ImageFxScreen.tsx"}
{"id":"src/workers/double","absPath":"/Users/ammarahmed/Work/Projects/react-native/react-native-workers/example/src/workers/double.ts","requestedFrom":"/Users/ammarahmed/Work/Projects/react-native/react-native-workers/example/src/screens/TestsScreen.tsx"}
{"id":"src/workers/blobutil","absPath":"/Users/ammarahmed/Work/Projects/react-native/react-native-workers/example/src/workers/blobutil.ts","requestedFrom":"/Users/ammarahmed/Work/Projects/react-native/react-native-workers/example/src/screens/TestsScreen.tsx"}
{"id":"src/workers/blob","absPath":"/Users/ammarahmed/Work/Projects/react-native/react-native-workers/example/src/workers/blob.ts","requestedFrom":"/Users/ammarahmed/Work/Projects/react-native/react-native-workers/example/src/screens/TestsScreen.tsx"}
{"id":"src/workers/mmkv","absPath":"/Users/ammarahmed/Work/Projects/react-native/react-native-workers/example/src/workers/mmkv.ts","requestedFrom":"/Users/ammarahmed/Work/Projects/react-native/react-native-workers/example/src/screens/TestsScreen.tsx"}
{"id":"src/workers/mmkv2","absPath":"/Users/ammarahmed/Work/Projects/react-native/react-native-workers/example/src/workers/mmkv2.ts","requestedFrom":"/Users/ammarahmed/Work/Projects/react-native/react-native-workers/example/src/screens/TestsScreen.tsx"}
{"id":"src/workers/notes","absPath":"/Users/ammarahmed/Work/Projects/react-native/react-native-workers/example/src/workers/notes.ts","requestedFrom":"/Users/ammarahmed/Work/Projects/react-native/react-native-workers/example/src/screens/NotesScreen.tsx"}
{"id":"src/workers/notes","absPath":"/Users/ammarahmed/Work/Projects/react-native/react-native-workers/example/src/workers/notes.ts","requestedFrom":"/Users/ammarahmed/Work/Projects/react-native/react-native-workers/example/src/screens/NotesScreen.tsx"}
{"id":"src/workers/notes","absPath":"/Users/ammarahmed/Work/Projects/react-native/react-native-workers/example/src/workers/notes.ts","requestedFrom":"/Users/ammarahmed/Work/Projects/react-native/react-native-workers/example/src/screens/NotesScreen.tsx"}
{"id":"src/workers/sensor","absPath":"/Users/ammarahmed/Work/Projects/react-native/react-native-workers/example/src/workers/sensor.ts","requestedFrom":"/Users/ammarahmed/Work/Projects/react-native/react-native-workers/example/src/screens/SensorScreen.tsx"}
{"id":"src/workers/search","absPath":"/Users/ammarahmed/Work/Projects/react-native/react-native-workers/example/src/workers/search.ts","requestedFrom":"/Users/ammarahmed/Work/Projects/react-native/react-native-workers/example/src/screens/SearchServiceScreen.tsx"}
{"id":"src/workers/uidemo","absPath":"/Users/ammarahmed/Work/Projects/react-native/react-native-workers/example/src/workers/uidemo.ts","requestedFrom":"/Users/ammarahmed/Work/Projects/react-native/react-native-workers/example/src/screens/UIWorkerDemoScreen.tsx"}
{"id":"src/workers/uidemo","absPath":"/Users/ammarahmed/Work/Projects/react-native/react-native-workers/example/src/workers/uidemo.ts","requestedFrom":"/Users/ammarahmed/Work/Projects/react-native/react-native-workers/example/src/screens/UIWorkerDemoScreen.tsx"}
{"id":"src/workers/downloads","absPath":"/Users/ammarahmed/Work/Projects/react-native/react-native-workers/example/src/workers/downloads.ts","requestedFrom":"/Users/ammarahmed/Work/Projects/react-native/react-native-workers/example/src/screens/DownloadsScreen.tsx"}
{"id":"src/workers/notes","absPath":"/Users/ammarahmed/Work/Projects/react-native/react-native-workers/example/src/workers/notes.ts","requestedFrom":"/Users/ammarahmed/Work/Projects/react-native/react-native-workers/example/src/screens/NotesScreen.tsx"}
{"id":"src/workers/imagefx","absPath":"/Users/ammarahmed/Work/Projects/react-native/react-native-workers/example/src/workers/imagefx.ts","requestedFrom":"/Users/ammarahmed/Work/Projects/react-native/react-native-workers/example/src/screens/ImageFxScreen.tsx"}
{"id":"src/workers/sensor","absPath":"/Users/ammarahmed/Work/Projects/react-native/react-native-workers/example/src/workers/sensor.ts","requestedFrom":"/Users/ammarahmed/Work/Projects/react-native/react-native-workers/example/src/screens/SensorScreen.tsx"}
{"id":"src/workers/gzip","absPath":"/Users/ammarahmed/Work/Projects/react-native/react-native-workers/example/src/workers/gzip.ts","requestedFrom":"/Users/ammarahmed/Work/Projects/react-native/react-native-workers/example/src/screens/TestsScreen.tsx"}
{"id":"src/workers/double","absPath":"/Users/ammarahmed/Work/Projects/react-native/react-native-workers/example/src/workers/double.ts","requestedFrom":"/Users/ammarahmed/Work/Projects/react-native/react-native-workers/example/src/screens/TestsScreen.tsx"}
{"id":"src/workers/blobutil","absPath":"/Users/ammarahmed/Work/Projects/react-native/react-native-workers/example/src/workers/blobutil.ts","requestedFrom":"/Users/ammarahmed/Work/Projects/react-native/react-native-workers/example/src/screens/TestsScreen.tsx"}
{"id":"src/workers/blob","absPath":"/Users/ammarahmed/Work/Projects/react-native/react-native-workers/example/src/workers/blob.ts","requestedFrom":"/Users/ammarahmed/Work/Projects/react-native/react-native-workers/example/src/screens/TestsScreen.tsx"}
{"id":"src/workers/mmkv","absPath":"/Users/ammarahmed/Work/Projects/react-native/react-native-workers/example/src/workers/mmkv.ts","requestedFrom":"/Users/ammarahmed/Work/Projects/react-native/react-native-workers/example/src/screens/TestsScreen.tsx"}
{"id":"src/workers/mmkv2","absPath":"/Users/ammarahmed/Work/Projects/react-native/react-native-workers/example/src/workers/mmkv2.ts","requestedFrom":"/Users/ammarahmed/Work/Projects/react-native/react-native-workers/example/src/screens/TestsScreen.tsx"}
{"id":"src/workers/parse","absPath":"/Users/ammarahmed/Work/Projects/react-native/react-native-workers/example/src/workers/parse.ts","requestedFrom":"/Users/ammarahmed/Work/Projects/react-native/react-native-workers/example/src/screens/ParseScreen.tsx"}
{"id":"src/workers/uidemo","absPath":"/Users/ammarahmed/Work/Projects/react-native/react-native-workers/example/src/workers/uidemo.ts","requestedFrom":"/Users/ammarahmed/Work/Projects/react-native/react-native-workers/example/src/screens/UIWorkerDemoScreen.tsx"}
{"id":"src/workers/uidemo","absPath":"/Users/ammarahmed/Work/Projects/react-native/react-native-workers/example/src/workers/uidemo.ts","requestedFrom":"/Users/ammarahmed/Work/Projects/react-native/react-native-workers/example/src/screens/UIWorkerDemoScreen.tsx"}
{"id":"src/workers/search","absPath":"/Users/ammarahmed/Work/Projects/react-native/react-native-workers/example/src/workers/search.ts","requestedFrom":"/Users/ammarahmed/Work/Projects/react-native/react-native-workers/example/src/screens/SearchServiceScreen.tsx"}
{"id":"src/workers/notes","absPath":"/Users/ammarahmed/Work/Projects/react-native/react-native-workers/example/src/workers/notes.ts","requestedFrom":"/Users/ammarahmed/Work/Projects/react-native/react-native-workers/example/src/screens/NotesScreen.tsx"}
{"id":"src/workers/imagefx","absPath":"/Users/ammarahmed/Work/Projects/react-native/react-native-workers/example/src/workers/imagefx.ts","requestedFrom":"/Users/ammarahmed/Work/Projects/react-native/react-native-workers/example/src/screens/ImageFxScreen.tsx"}
{"id":"src/workers/gzip","absPath":"/Users/ammarahmed/Work/Projects/react-native/react-native-workers/example/src/workers/gzip.ts","requestedFrom":"/Users/ammarahmed/Work/Projects/react-native/react-native-workers/example/src/screens/TestsScreen.tsx"}
{"id":"src/workers/double","absPath":"/Users/ammarahmed/Work/Projects/react-native/react-native-workers/example/src/workers/double.ts","requestedFrom":"/Users/ammarahmed/Work/Projects/react-native/react-native-workers/example/src/screens/TestsScreen.tsx"}
{"id":"src/workers/blobutil","absPath":"/Users/ammarahmed/Work/Projects/react-native/react-native-workers/example/src/workers/blobutil.ts","requestedFrom":"/Users/ammarahmed/Work/Projects/react-native/react-native-workers/example/src/screens/TestsScreen.tsx"}
{"id":"src/workers/parse","absPath":"/Users/ammarahmed/Work/Projects/react-native/react-native-workers/example/src/workers/parse.ts","requestedFrom":"/Users/ammarahmed/Work/Projects/react-native/react-native-workers/example/src/screens/ParseScreen.tsx"}
{"id":"src/workers/blob","absPath":"/Users/ammarahmed/Work/Projects/react-native/react-native-workers/example/src/workers/blob.ts","requestedFrom":"/Users/ammarahmed/Work/Projects/react-native/react-native-workers/example/src/screens/TestsScreen.tsx"}
{"id":"src/workers/mmkv","absPath":"/Users/ammarahmed/Work/Projects/react-native/react-native-workers/example/src/workers/mmkv.ts","requestedFrom":"/Users/ammarahmed/Work/Projects/react-native/react-native-workers/example/src/screens/TestsScreen.tsx"}
{"id":"src/workers/mmkv2","absPath":"/Users/ammarahmed/Work/Projects/react-native/react-native-workers/example/src/workers/mmkv2.ts","requestedFrom":"/Users/ammarahmed/Work/Projects/react-native/react-native-workers/example/src/screens/TestsScreen.tsx"}
{"id":"src/workers/downloads","absPath":"/Users/ammarahmed/Work/Projects/react-native/react-native-workers/example/src/workers/downloads.ts","requestedFrom":"/Users/ammarahmed/Work/Projects/react-native/react-native-workers/example/src/screens/DownloadsScreen.tsx"}
{"id":"src/workers/sensor","absPath":"/Users/ammarahmed/Work/Projects/react-native/react-native-workers/example/src/workers/sensor.ts","requestedFrom":"/Users/ammarahmed/Work/Projects/react-native/react-native-workers/example/src/screens/SensorScreen.tsx"}
{"id":"src/workers/imagefx","absPath":"/Users/ammarahmed/Work/Projects/react-native/react-native-workers/example/src/workers/imagefx.ts","requestedFrom":"/Users/ammarahmed/Work/Projects/react-native/react-native-workers/example/src/screens/ImageFxScreen.tsx"}
{"id":"src/workers/uidemo","absPath":"/Users/ammarahmed/Work/Projects/react-native/react-native-workers/example/src/workers/uidemo.ts","requestedFrom":"/Users/ammarahmed/Work/Projects/react-native/react-native-workers/example/src/screens/UIWorkerDemoScreen.tsx"}
{"id":"src/workers/uidemo","absPath":"/Users/ammarahmed/Work/Projects/react-native/react-native-workers/example/src/workers/uidemo.ts","requestedFrom":"/Users/ammarahmed/Work/Projects/react-native/react-native-workers/example/src/screens/UIWorkerDemoScreen.tsx"}
{"id":"src/workers/search","absPath":"/Users/ammarahmed/Work/Projects/react-native/react-native-workers/example/src/workers/search.ts","requestedFrom":"/Users/ammarahmed/Work/Projects/react-native/react-native-workers/example/src/screens/SearchServiceScreen.tsx"}
{"id":"src/workers/sensor","absPath":"/Users/ammarahmed/Work/Projects/react-native/react-native-workers/example/src/workers/sensor.ts","requestedFrom":"/Users/ammarahmed/Work/Projects/react-native/react-native-workers/example/src/screens/SensorScreen.tsx"}
{"id":"src/workers/downloads","absPath":"/Users/ammarahmed/Work/Projects/react-native/react-native-workers/example/src/workers/downloads.ts","requestedFrom":"/Users/ammarahmed/Work/Projects/react-native/react-native-workers/example/src/screens/DownloadsScreen.tsx"}
{"id":"src/workers/gzip","absPath":"/Users/ammarahmed/Work/Projects/react-native/react-native-workers/example/src/workers/gzip.ts","requestedFrom":"/Users/ammarahmed/Work/Projects/react-native/react-native-workers/example/src/screens/TestsScreen.tsx"}
{"id":"src/workers/double","absPath":"/Users/ammarahmed/Work/Projects/react-native/react-native-workers/example/src/workers/double.ts","requestedFrom":"/Users/ammarahmed/Work/Projects/react-native/react-native-workers/example/src/screens/TestsScreen.tsx"}
{"id":"src/workers/blobutil","absPath":"/Users/ammarahmed/Work/Projects/react-native/react-native-workers/example/src/workers/blobutil.ts","requestedFrom":"/Users/ammarahmed/Work/Projects/react-native/react-native-workers/example/src/screens/TestsScreen.tsx"}
{"id":"src/workers/blob","absPath":"/Users/ammarahmed/Work/Projects/react-native/react-native-workers/example/src/workers/blob.ts","requestedFrom":"/Users/ammarahmed/Work/Projects/react-native/react-native-workers/example/src/screens/TestsScreen.tsx"}
{"id":"src/workers/mmkv","absPath":"/Users/ammarahmed/Work/Projects/react-native/react-native-workers/example/src/workers/mmkv.ts","requestedFrom":"/Users/ammarahmed/Work/Projects/react-native/react-native-workers/example/src/screens/TestsScreen.tsx"}
{"id":"src/workers/imagefx","absPath":"/Users/ammarahmed/Work/Projects/react-native/react-native-workers/example/src/workers/imagefx.ts","requestedFrom":"/Users/ammarahmed/Work/Projects/react-native/react-native-workers/example/src/screens/ImageFxScreen.tsx"}
{"id":"src/workers/mmkv2","absPath":"/Users/ammarahmed/Work/Projects/react-native/react-native-workers/example/src/workers/mmkv2.ts","requestedFrom":"/Users/ammarahmed/Work/Projects/react-native/react-native-workers/example/src/screens/TestsScreen.tsx"}
{"id":"src/workers/parse","absPath":"/Users/ammarahmed/Work/Projects/react-native/react-native-workers/example/src/workers/parse.ts","requestedFrom":"/Users/ammarahmed/Work/Projects/react-native/react-native-workers/example/src/screens/ParseScreen.tsx"}
{"id":"src/workers/notes","absPath":"/Users/ammarahmed/Work/Projects/react-native/react-native-workers/example/src/workers/notes.ts","requestedFrom":"/Users/ammarahmed/Work/Projects/react-native/react-native-workers/example/src/screens/NotesScreen.tsx"}
{"id":"src/workers/imagefx","absPath":"/Users/ammarahmed/Work/Projects/react-native/react-native-workers/example/src/workers/imagefx.ts","requestedFrom":"/Users/ammarahmed/Work/Projects/react-native/react-native-workers/example/src/screens/ImageFxScreen.tsx"}
{"id":"src/workers/imagefx","absPath":"/Users/ammarahmed/Work/Projects/react-native/react-native-workers/example/src/workers/imagefx.ts","requestedFrom":"/Users/ammarahmed/Work/Projects/react-native/react-native-workers/example/src/screens/ImageFxScreen.tsx"}
{"id":"src/workers/notes","absPath":"/Users/ammarahmed/Work/Projects/react-native/react-native-workers/example/src/workers/notes.ts","requestedFrom":"/Users/ammarahmed/Work/Projects/react-native/react-native-workers/example/src/screens/NotesScreen.tsx"}
{"id":"src/workers/uidemo","absPath":"/Users/ammarahmed/Work/Projects/react-native/react-native-workers/example/src/workers/uidemo.ts","requestedFrom":"/Users/ammarahmed/Work/Projects/react-native/react-native-workers/example/src/screens/UIWorkerDemoScreen.tsx"}
{"id":"src/workers/uidemo","absPath":"/Users/ammarahmed/Work/Projects/react-native/react-native-workers/example/src/workers/uidemo.ts","requestedFrom":"/Users/ammarahmed/Work/Projects/react-native/react-native-workers/example/src/screens/UIWorkerDemoScreen.tsx"}
{"id":"src/workers/downloads","absPath":"/Users/ammarahmed/Work/Projects/react-native/react-native-workers/example/src/workers/downloads.ts","requestedFrom":"/Users/ammarahmed/Work/Projects/react-native/react-native-workers/example/src/screens/DownloadsScreen.tsx"}
{"id":"src/workers/parse","absPath":"/Users/ammarahmed/Work/Projects/react-native/react-native-workers/example/src/workers/parse.ts","requestedFrom":"/Users/ammarahmed/Work/Projects/react-native/react-native-workers/example/src/screens/ParseScreen.tsx"}
{"id":"src/workers/search","absPath":"/Users/ammarahmed/Work/Projects/react-native/react-native-workers/example/src/workers/search.ts","requestedFrom":"/Users/ammarahmed/Work/Projects/react-native/react-native-workers/example/src/screens/SearchServiceScreen.tsx"}
{"id":"src/workers/imagefx","absPath":"/Users/ammarahmed/Work/Projects/react-native/react-native-workers/example/src/workers/imagefx.ts","requestedFrom":"/Users/ammarahmed/Work/Projects/react-native/react-native-workers/example/src/screens/ImageFxScreen.tsx"}
{"id":"src/workers/sensor","absPath":"/Users/ammarahmed/Work/Projects/react-native/react-native-workers/example/src/workers/sensor.ts","requestedFrom":"/Users/ammarahmed/Work/Projects/react-native/react-native-workers/example/src/screens/SensorScreen.tsx"}
{"id":"src/workers/gzip","absPath":"/Users/ammarahmed/Work/Projects/react-native/react-native-workers/example/src/workers/gzip.ts","requestedFrom":"/Users/ammarahmed/Work/Projects/react-native/react-native-workers/example/src/screens/TestsScreen.tsx"}
{"id":"src/workers/double","absPath":"/Users/ammarahmed/Work/Projects/react-native/react-native-workers/example/src/workers/double.ts","requestedFrom":"/Users/ammarahmed/Work/Projects/react-native/react-native-workers/example/src/screens/TestsScreen.tsx"}
{"id":"src/workers/blobutil","absPath":"/Users/ammarahmed/Work/Projects/react-native/react-native-workers/example/src/workers/blobutil.ts","requestedFrom":"/Users/ammarahmed/Work/Projects/react-native/react-native-workers/example/src/screens/TestsScreen.tsx"}
{"id":"src/workers/blob","absPath":"/Users/ammarahmed/Work/Projects/react-native/react-native-workers/example/src/workers/blob.ts","requestedFrom":"/Users/ammarahmed/Work/Projects/react-native/react-native-workers/example/src/screens/TestsScreen.tsx"}
{"id":"src/workers/mmkv","absPath":"/Users/ammarahmed/Work/Projects/react-native/react-native-workers/example/src/workers/mmkv.ts","requestedFrom":"/Users/ammarahmed/Work/Projects/react-native/react-native-workers/example/src/screens/TestsScreen.tsx"}
{"id":"src/workers/mmkv2","absPath":"/Users/ammarahmed/Work/Projects/react-native/react-native-workers/example/src/workers/mmkv2.ts","requestedFrom":"/Users/ammarahmed/Work/Projects/react-native/react-native-workers/example/src/screens/TestsScreen.tsx"}
{"id":"src/workers/notes","absPath":"/Users/ammarahmed/Work/Projects/react-native/react-native-workers/example/src/workers/notes.ts","requestedFrom":"/Users/ammarahmed/Work/Projects/react-native/react-native-workers/example/src/screens/NotesScreen.tsx"}
{"id":"src/workers/notes","absPath":"/Users/ammarahmed/Work/Projects/react-native/react-native-workers/example/src/workers/notes.ts","requestedFrom":"/Users/ammarahmed/Work/Projects/react-native/react-native-workers/example/src/screens/NotesScreen.tsx"}
{"id":"src/workers/notes","absPath":"/Users/ammarahmed/Work/Projects/react-native/react-native-workers/example/src/workers/notes.ts","requestedFrom":"/Users/ammarahmed/Work/Projects/react-native/react-native-workers/example/src/screens/NotesScreen.tsx"}
{"id":"src/workers/parse","absPath":"/Users/ammarahmed/Work/Projects/react-native/react-native-workers/example/src/workers/parse.ts","requestedFrom":"/Users/ammarahmed/Work/Projects/react-native/react-native-workers/example/src/screens/ParseScreen.tsx"}
{"id":"src/workers/search","absPath":"/Users/ammarahmed/Work/Projects/react-native/react-native-workers/example/src/workers/search.ts","requestedFrom":"/Users/ammarahmed/Work/Projects/react-native/react-native-workers/example/src/screens/SearchServiceScreen.tsx"}
{"id":"src/workers/imagefx","absPath":"/Users/ammarahmed/Work/Projects/react-native/react-native-workers/example/src/workers/imagefx.ts","requestedFrom":"/Users/ammarahmed/Work/Projects/react-native/react-native-workers/example/src/screens/ImageFxScreen.tsx"}
{"id":"src/workers/sensor","absPath":"/Users/ammarahmed/Work/Projects/react-native/react-native-workers/example/src/workers/sensor.ts","requestedFrom":"/Users/ammarahmed/Work/Projects/react-native/react-native-workers/example/src/screens/SensorScreen.tsx"}
{"id":"src/workers/gzip","absPath":"/Users/ammarahmed/Work/Projects/react-native/react-native-workers/example/src/workers/gzip.ts","requestedFrom":"/Users/ammarahmed/Work/Projects/react-native/react-native-workers/example/src/screens/TestsScreen.tsx"}
{"id":"src/workers/downloads","absPath":"/Users/ammarahmed/Work/Projects/react-native/react-native-workers/example/src/workers/downloads.ts","requestedFrom":"/Users/ammarahmed/Work/Projects/react-native/react-native-workers/example/src/screens/DownloadsScreen.tsx"}
{"id":"src/workers/uidemo","absPath":"/Users/ammarahmed/Work/Projects/react-native/react-native-workers/example/src/workers/uidemo.ts","requestedFrom":"/Users/ammarahmed/Work/Projects/react-native/react-native-workers/example/src/screens/UIWorkerDemoScreen.tsx"}
{"id":"src/workers/double","absPath":"/Users/ammarahmed/Work/Projects/react-native/react-native-workers/example/src/workers/double.ts","requestedFrom":"/Users/ammarahmed/Work/Projects/react-native/react-native-workers/example/src/screens/TestsScreen.tsx"}
{"id":"src/workers/blobutil","absPath":"/Users/ammarahmed/Work/Projects/react-native/react-native-workers/example/src/workers/blobutil.ts","requestedFrom":"/Users/ammarahmed/Work/Projects/react-native/react-native-workers/example/src/screens/TestsScreen.tsx"}
{"id":"src/workers/uidemo","absPath":"/Users/ammarahmed/Work/Projects/react-native/react-native-workers/example/src/workers/uidemo.ts","requestedFrom":"/Users/ammarahmed/Work/Projects/react-native/react-native-workers/example/src/screens/UIWorkerDemoScreen.tsx"}
{"id":"src/workers/blob","absPath":"/Users/ammarahmed/Work/Projects/react-native/react-native-workers/example/src/workers/blob.ts","requestedFrom":"/Users/ammarahmed/Work/Projects/react-native/react-native-workers/example/src/screens/TestsScreen.tsx"}
{"id":"src/workers/mmkv","absPath":"/Users/ammarahmed/Work/Projects/react-native/react-native-workers/example/src/workers/mmkv.ts","requestedFrom":"/Users/ammarahmed/Work/Projects/react-native/react-native-workers/example/src/screens/TestsScreen.tsx"}
{"id":"src/workers/mmkv2","absPath":"/Users/ammarahmed/Work/Projects/react-native/react-native-workers/example/src/workers/mmkv2.ts","requestedFrom":"/Users/ammarahmed/Work/Projects/react-native/react-native-workers/example/src/screens/TestsScreen.tsx"}
{"id":"src/workers/search","absPath":"/Users/ammarahmed/Work/Projects/react-native/react-native-workers/example/src/workers/search.ts","requestedFrom":"/Users/ammarahmed/Work/Projects/react-native/react-native-workers/example/src/screens/SearchServiceScreen.tsx"}
{"id":"src/workers/uidemo","absPath":"/Users/ammarahmed/Work/Projects/react-native/react-native-workers/example/src/workers/uidemo.ts","requestedFrom":"/Users/ammarahmed/Work/Projects/react-native/react-native-workers/example/src/screens/UIWorkerDemoScreen.tsx"}
{"id":"src/workers/uidemo","absPath":"/Users/ammarahmed/Work/Projects/react-native/react-native-workers/example/src/workers/uidemo.ts","requestedFrom":"/Users/ammarahmed/Work/Projects/react-native/react-native-workers/example/src/screens/UIWorkerDemoScreen.tsx"}
{"id":"src/workers/notes","absPath":"/Users/ammarahmed/Work/Projects/react-native/react-native-workers/example/src/workers/notes.ts","requestedFrom":"/Users/ammarahmed/Work/Projects/react-native/react-native-workers/example/src/screens/NotesScreen.tsx"}
{"id":"src/workers/sensor","absPath":"/Users/ammarahmed/Work/Projects/react-native/react-native-workers/example/src/workers/sensor.ts","requestedFrom":"/Users/ammarahmed/Work/Projects/react-native/react-native-workers/example/src/screens/SensorScreen.tsx"}
{"id":"src/workers/downloads","absPath":"/Users/ammarahmed/Work/Projects/react-native/react-native-workers/example/src/workers/downloads.ts","requestedFrom":"/Users/ammarahmed/Work/Projects/react-native/react-native-workers/example/src/screens/DownloadsScreen.tsx"}
{"id":"src/workers/gzip","absPath":"/Users/ammarahmed/Work/Projects/react-native/react-native-workers/example/src/workers/gzip.ts","requestedFrom":"/Users/ammarahmed/Work/Projects/react-native/react-native-workers/example/src/screens/TestsScreen.tsx"}
{"id":"src/workers/double","absPath":"/Users/ammarahmed/Work/Projects/react-native/react-native-workers/example/src/workers/double.ts","requestedFrom":"/Users/ammarahmed/Work/Projects/react-native/react-native-workers/example/src/screens/TestsScreen.tsx"}
{"id":"src/workers/blobutil","absPath":"/Users/ammarahmed/Work/Projects/react-native/react-native-workers/example/src/workers/blobutil.ts","requestedFrom":"/Users/ammarahmed/Work/Projects/react-native/react-native-workers/example/src/screens/TestsScreen.tsx"}
{"id":"src/workers/blob","absPath":"/Users/ammarahmed/Work/Projects/react-native/react-native-workers/example/src/workers/blob.ts","requestedFrom":"/Users/ammarahmed/Work/Projects/react-native/react-native-workers/example/src/screens/TestsScreen.tsx"}
{"id":"src/workers/mmkv","absPath":"/Users/ammarahmed/Work/Projects/react-native/react-native-workers/example/src/workers/mmkv.ts","requestedFrom":"/Users/ammarahmed/Work/Projects/react-native/react-native-workers/example/src/screens/TestsScreen.tsx"}
{"id":"src/workers/mmkv2","absPath":"/Users/ammarahmed/Work/Projects/react-native/react-native-workers/example/src/workers/mmkv2.ts","requestedFrom":"/Users/ammarahmed/Work/Projects/react-native/react-native-workers/example/src/screens/TestsScreen.tsx"}
{"id":"src/workers/imagefx","absPath":"/Users/ammarahmed/Work/Projects/react-native/react-native-workers/example/src/workers/imagefx.ts","requestedFrom":"/Users/ammarahmed/Work/Projects/react-native/react-native-workers/example/src/screens/ImageFxScreen.tsx"}
{"id":"src/workers/parse","absPath":"/Users/ammarahmed/Work/Projects/react-native/react-native-workers/example/src/workers/parse.ts","requestedFrom":"/Users/ammarahmed/Work/Projects/react-native/react-native-workers/example/src/screens/ParseScreen.tsx"}
{"id":"src/workers/imagefx","absPath":"/Users/ammarahmed/Work/Projects/react-native/react-native-workers/example/src/workers/imagefx.ts","requestedFrom":"/Users/ammarahmed/Work/Projects/react-native/react-native-workers/example/src/screens/ImageFxScreen.tsx"}
{"id":"src/workers/uidemo","absPath":"/Users/ammarahmed/Work/Projects/react-native/react-native-workers/example/src/workers/uidemo.ts","requestedFrom":"/Users/ammarahmed/Work/Projects/react-native/react-native-workers/example/src/screens/UIWorkerDemoScreen.tsx"}
{"id":"src/workers/uidemo","absPath":"/Users/ammarahmed/Work/Projects/react-native/react-native-workers/example/src/workers/uidemo.ts","requestedFrom":"/Users/ammarahmed/Work/Projects/react-native/react-native-workers/example/src/screens/UIWorkerDemoScreen.tsx"}
{"id":"src/workers/gzip","absPath":"/Users/ammarahmed/Work/Projects/react-native/react-native-workers/example/src/workers/gzip.ts","requestedFrom":"/Users/ammarahmed/Work/Projects/react-native/react-native-workers/example/src/screens/TestsScreen.tsx"}
{"id":"src/workers/double","absPath":"/Users/ammarahmed/Work/Projects/react-native/react-native-workers/example/src/workers/double.ts","requestedFrom":"/Users/ammarahmed/Work/Projects/react-native/react-native-workers/example/src/screens/TestsScreen.tsx"}
{"id":"src/workers/blobutil","absPath":"/Users/ammarahmed/Work/Projects/react-native/react-native-workers/example/src/workers/blobutil.ts","requestedFrom":"/Users/ammarahmed/Work/Projects/react-native/react-native-workers/example/src/screens/TestsScreen.tsx"}
{"id":"src/workers/blob","absPath":"/Users/ammarahmed/Work/Projects/react-native/react-native-workers/example/src/workers/blob.ts","requestedFrom":"/Users/ammarahmed/Work/Projects/react-native/react-native-workers/example/src/screens/TestsScreen.tsx"}
{"id":"src/workers/mmkv","absPath":"/Users/ammarahmed/Work/Projects/react-native/react-native-workers/example/src/workers/mmkv.ts","requestedFrom":"/Users/ammarahmed/Work/Projects/react-native/react-native-workers/example/src/screens/TestsScreen.tsx"}
{"id":"src/workers/mmkv2","absPath":"/Users/ammarahmed/Work/Projects/react-native/react-native-workers/example/src/workers/mmkv2.ts","requestedFrom":"/Users/ammarahmed/Work/Projects/react-native/react-native-workers/example/src/screens/TestsScreen.tsx"}
{"id":"src/workers/parse","absPath":"/Users/ammarahmed/Work/Projects/react-native/react-native-workers/example/src/workers/parse.ts","requestedFrom":"/Users/ammarahmed/Work/Projects/react-native/react-native-workers/example/src/screens/ParseScreen.tsx"}
{"id":"src/workers/search","absPath":"/Users/ammarahmed/Work/Projects/react-native/react-native-workers/example/src/workers/search.ts","requestedFrom":"/Users/ammarahmed/Work/Projects/react-native/react-native-workers/example/src/screens/SearchServiceScreen.tsx"}
{"id":"src/workers/notes","absPath":"/Users/ammarahmed/Work/Projects/react-native/react-native-workers/example/src/workers/notes.ts","requestedFrom":"/Users/ammarahmed/Work/Projects/react-native/react-native-workers/example/src/screens/NotesScreen.tsx"}
{"id":"src/workers/sensor","absPath":"/Users/ammarahmed/Work/Projects/react-native/react-native-workers/example/src/workers/sensor.ts","requestedFrom":"/Users/ammarahmed/Work/Projects/react-native/react-native-workers/example/src/screens/SensorScreen.tsx"}
{"id":"src/workers/downloads","absPath":"/Users/ammarahmed/Work/Projects/react-native/react-native-workers/example/src/workers/downloads.ts","requestedFrom":"/Users/ammarahmed/Work/Projects/react-native/react-native-workers/example/src/screens/DownloadsScreen.tsx"}
{"id":"src/workers/downloads","absPath":"/Users/ammarahmed/Work/Projects/react-native/react-native-workers/example/src/workers/downloads.ts","requestedFrom":"/Users/ammarahmed/Work/Projects/react-native/react-native-workers/example/src/screens/DownloadsScreen.tsx"}
{"id":"src/workers/uidemo","absPath":"/Users/ammarahmed/Work/Projects/react-native/react-native-workers/example/src/workers/uidemo.ts","requestedFrom":"/Users/ammarahmed/Work/Projects/react-native/react-native-workers/example/src/screens/UIWorkerDemoScreen.tsx"}
{"id":"src/workers/uidemo","absPath":"/Users/ammarahmed/Work/Projects/react-native/react-native-workers/example/src/workers/uidemo.ts","requestedFrom":"/Users/ammarahmed/Work/Projects/react-native/react-native-workers/example/src/screens/UIWorkerDemoScreen.tsx"}
{"id":"src/workers/imagefx","absPath":"/Users/ammarahmed/Work/Projects/react-native/react-native-workers/example/src/workers/imagefx.ts","requestedFrom":"/Users/ammarahmed/Work/Projects/react-native/react-native-workers/example/src/screens/ImageFxScreen.tsx"}
{"id":"src/workers/search","absPath":"/Users/ammarahmed/Work/Projects/react-native/react-native-workers/example/src/workers/search.ts","requestedFrom":"/Users/ammarahmed/Work/Projects/react-native/react-native-workers/example/src/screens/SearchServiceScreen.tsx"}
{"id":"src/workers/notes","absPath":"/Users/ammarahmed/Work/Projects/react-native/react-native-workers/example/src/workers/notes.ts","requestedFrom":"/Users/ammarahmed/Work/Projects/react-native/react-native-workers/example/src/screens/NotesScreen.tsx"}
{"id":"src/workers/parse","absPath":"/Users/ammarahmed/Work/Projects/react-native/react-native-workers/example/src/workers/parse.ts","requestedFrom":"/Users/ammarahmed/Work/Projects/react-native/react-native-workers/example/src/screens/ParseScreen.tsx"}
{"id":"src/workers/gzip","absPath":"/Users/ammarahmed/Work/Projects/react-native/react-native-workers/example/src/workers/gzip.ts","requestedFrom":"/Users/ammarahmed/Work/Projects/react-native/react-native-workers/example/src/screens/TestsScreen.tsx"}
{"id":"src/workers/double","absPath":"/Users/ammarahmed/Work/Projects/react-native/react-native-workers/example/src/workers/double.ts","requestedFrom":"/Users/ammarahmed/Work/Projects/react-native/react-native-workers/example/src/screens/TestsScreen.tsx"}
{"id":"src/workers/blobutil","absPath":"/Users/ammarahmed/Work/Projects/react-native/react-native-workers/example/src/workers/blobutil.ts","requestedFrom":"/Users/ammarahmed/Work/Projects/react-native/react-native-workers/example/src/screens/TestsScreen.tsx"}
{"id":"src/workers/blob","absPath":"/Users/ammarahmed/Work/Projects/react-native/react-native-workers/example/src/workers/blob.ts","requestedFrom":"/Users/ammarahmed/Work/Projects/react-native/react-native-workers/example/src/screens/TestsScreen.tsx"}
{"id":"src/workers/mmkv","absPath":"/Users/ammarahmed/Work/Projects/react-native/react-native-workers/example/src/workers/mmkv.ts","requestedFrom":"/Users/ammarahmed/Work/Projects/react-native/react-native-workers/example/src/screens/TestsScreen.tsx"}
{"id":"src/workers/mmkv2","absPath":"/Users/ammarahmed/Work/Projects/react-native/react-native-workers/example/src/workers/mmkv2.ts","requestedFrom":"/Users/ammarahmed/Work/Projects/react-native/react-native-workers/example/src/screens/TestsScreen.tsx"}
{"id":"src/workers/sensor","absPath":"/Users/ammarahmed/Work/Projects/react-native/react-native-workers/example/src/workers/sensor.ts","requestedFrom":"/Users/ammarahmed/Work/Projects/react-native/react-native-workers/example/src/screens/SensorScreen.tsx"}
{"id":"src/workers/search","absPath":"/Users/ammarahmed/Work/Projects/react-native/react-native-workers/example/src/workers/search.ts","requestedFrom":"/Users/ammarahmed/Work/Projects/react-native/react-native-workers/example/src/screens/SearchServiceScreen.tsx"}
{"id":"src/workers/downloads","absPath":"/Users/ammarahmed/Work/Projects/react-native/react-native-workers/example/src/workers/downloads.ts","requestedFrom":"/Users/ammarahmed/Work/Projects/react-native/react-native-workers/example/src/screens/DownloadsScreen.tsx"}
{"id":"src/workers/notes","absPath":"/Users/ammarahmed/Work/Projects/react-native/react-native-workers/example/src/workers/notes.ts","requestedFrom":"/Users/ammarahmed/Work/Projects/react-native/react-native-workers/example/src/screens/NotesScreen.tsx"}
{"id":"src/workers/parse","absPath":"/Users/ammarahmed/Work/Projects/react-native/react-native-workers/example/src/workers/parse.ts","requestedFrom":"/Users/ammarahmed/Work/Projects/react-native/react-native-workers/example/src/screens/ParseScreen.tsx"}
{"id":"src/workers/sensor","absPath":"/Users/ammarahmed/Work/Projects/react-native/react-native-workers/example/src/workers/sensor.ts","requestedFrom":"/Users/ammarahmed/Work/Projects/react-native/react-native-workers/example/src/screens/SensorScreen.tsx"}
{"id":"src/workers/uidemo","absPath":"/Users/ammarahmed/Work/Projects/react-native/react-native-workers/example/src/workers/uidemo.ts","requestedFrom":"/Users/ammarahmed/Work/Projects/react-native/react-native-workers/example/src/screens/UIWorkerDemoScreen.tsx"}
{"id":"src/workers/uidemo","absPath":"/Users/ammarahmed/Work/Projects/react-native/react-native-workers/example/src/workers/uidemo.ts","requestedFrom":"/Users/ammarahmed/Work/Projects/react-native/react-native-workers/example/src/screens/UIWorkerDemoScreen.tsx"}
{"id":"src/workers/imagefx","absPath":"/Users/ammarahmed/Work/Projects/react-native/react-native-workers/example/src/workers/imagefx.ts","requestedFrom":"/Users/ammarahmed/Work/Projects/react-native/react-native-workers/example/src/screens/ImageFxScreen.tsx"}
{"id":"src/workers/gzip","absPath":"/Users/ammarahmed/Work/Projects/react-native/react-native-workers/example/src/workers/gzip.ts","requestedFrom":"/Users/ammarahmed/Work/Projects/react-native/react-native-workers/example/src/screens/TestsScreen.tsx"}
{"id":"src/workers/double","absPath":"/Users/ammarahmed/Work/Projects/react-native/react-native-workers/example/src/workers/double.ts","requestedFrom":"/Users/ammarahmed/Work/Projects/react-native/react-native-workers/example/src/screens/TestsScreen.tsx"}
{"id":"src/workers/blobutil","absPath":"/Users/ammarahmed/Work/Projects/react-native/react-native-workers/example/src/workers/blobutil.ts","requestedFrom":"/Users/ammarahmed/Work/Projects/react-native/react-native-workers/example/src/screens/TestsScreen.tsx"}
{"id":"src/workers/blob","absPath":"/Users/ammarahmed/Work/Projects/react-native/react-native-workers/example/src/workers/blob.ts","requestedFrom":"/Users/ammarahmed/Work/Projects/react-native/react-native-workers/example/src/screens/TestsScreen.tsx"}
{"id":"src/workers/mmkv","absPath":"/Users/ammarahmed/Work/Projects/react-native/react-native-workers/example/src/workers/mmkv.ts","requestedFrom":"/Users/ammarahmed/Work/Projects/react-native/react-native-workers/example/src/screens/TestsScreen.tsx"}
{"id":"src/workers/mmkv2","absPath":"/Users/ammarahmed/Work/Projects/react-native/react-native-workers/example/src/workers/mmkv2.ts","requestedFrom":"/Users/ammarahmed/Work/Projects/react-native/react-native-workers/example/src/screens/TestsScreen.tsx"}
{"id":"src/workers/downloads","absPath":"/Users/ammarahmed/Work/Projects/react-native/react-native-workers/example/src/workers/downloads.ts","requestedFrom":"/Users/ammarahmed/Work/Projects/react-native/react-native-workers/example/src/screens/DownloadsScreen.tsx"}
{"id":"src/workers/search","absPath":"/Users/ammarahmed/Work/Projects/react-native/react-native-workers/example/src/workers/search.ts","requestedFrom":"/Users/ammarahmed/Work/Projects/react-native/react-native-workers/example/src/screens/SearchServiceScreen.tsx"}
{"id":"src/workers/uidemo","absPath":"/Users/ammarahmed/Work/Projects/react-native/react-native-workers/example/src/workers/uidemo.ts","requestedFrom":"/Users/ammarahmed/Work/Projects/react-native/react-native-workers/example/src/screens/UIWorkerDemoScreen.tsx"}
{"id":"src/workers/uidemo","absPath":"/Users/ammarahmed/Work/Projects/react-native/react-native-workers/example/src/workers/uidemo.ts","requestedFrom":"/Users/ammarahmed/Work/Projects/react-native/react-native-workers/example/src/screens/UIWorkerDemoScreen.tsx"}
{"id":"src/workers/notes","absPath":"/Users/ammarahmed/Work/Projects/react-native/react-native-workers/example/src/workers/notes.ts","requestedFrom":"/Users/ammarahmed/Work/Projects/react-native/react-native-workers/example/src/screens/NotesScreen.tsx"}
{"id":"src/workers/gzip","absPath":"/Users/ammarahmed/Work/Projects/react-native/react-native-workers/example/src/workers/gzip.ts","requestedFrom":"/Users/ammarahmed/Work/Projects/react-native/react-native-workers/example/src/screens/TestsScreen.tsx"}
{"id":"src/workers/parse","absPath":"/Users/ammarahmed/Work/Projects/react-native/react-native-workers/example/src/workers/parse.ts","requestedFrom":"/Users/ammarahmed/Work/Projects/react-native/react-native-workers/example/src/screens/ParseScreen.tsx"}
{"id":"src/workers/double","absPath":"/Users/ammarahmed/Work/Projects/react-native/react-native-workers/example/src/workers/double.ts","requestedFrom":"/Users/ammarahmed/Work/Projects/react-native/react-native-workers/example/src/screens/TestsScreen.tsx"}
{"id":"src/workers/blobutil","absPath":"/Users/ammarahmed/Work/Projects/react-native/react-native-workers/example/src/workers/blobutil.ts","requestedFrom":"/Users/ammarahmed/Work/Projects/react-native/react-native-workers/example/src/screens/TestsScreen.tsx"}
{"id":"src/workers/blob","absPath":"/Users/ammarahmed/Work/Projects/react-native/react-native-workers/example/src/workers/blob.ts","requestedFrom":"/Users/ammarahmed/Work/Projects/react-native/react-native-workers/example/src/screens/TestsScreen.tsx"}
{"id":"src/workers/mmkv","absPath":"/Users/ammarahmed/Work/Projects/react-native/react-native-workers/example/src/workers/mmkv.ts","requestedFrom":"/Users/ammarahmed/Work/Projects/react-native/react-native-workers/example/src/screens/TestsScreen.tsx"}
{"id":"src/workers/mmkv2","absPath":"/Users/ammarahmed/Work/Projects/react-native/react-native-workers/example/src/workers/mmkv2.ts","requestedFrom":"/Users/ammarahmed/Work/Projects/react-native/react-native-workers/example/src/screens/TestsScreen.tsx"}
{"id":"src/workers/imagefx","absPath":"/Users/ammarahmed/Work/Projects/react-native/react-native-workers/example/src/workers/imagefx.ts","requestedFrom":"/Users/ammarahmed/Work/Projects/react-native/react-native-workers/example/src/screens/ImageFxScreen.tsx"}
{"id":"src/workers/sensor","absPath":"/Users/ammarahmed/Work/Projects/react-native/react-native-workers/example/src/workers/sensor.ts","requestedFrom":"/Users/ammarahmed/Work/Projects/react-native/react-native-workers/example/src/screens/SensorScreen.tsx"}
{"id":"src/workers/gzip","absPath":"/Users/ammarahmed/Work/Projects/react-native/react-native-workers/example/src/workers/gzip.ts","requestedFrom":"/Users/ammarahmed/Work/Projects/react-native/react-native-workers/example/src/screens/TestsScreen.tsx"}
{"id":"src/workers/double","absPath":"/Users/ammarahmed/Work/Projects/react-native/react-native-workers/example/src/workers/double.ts","requestedFrom":"/Users/ammarahmed/Work/Projects/react-native/react-native-workers/example/src/screens/TestsScreen.tsx"}
{"id":"src/workers/blobutil","absPath":"/Users/ammarahmed/Work/Projects/react-native/react-native-workers/example/src/workers/blobutil.ts","requestedFrom":"/Users/ammarahmed/Work/Projects/react-native/react-native-workers/example/src/screens/TestsScreen.tsx"}
{"id":"src/workers/blob","absPath":"/Users/ammarahmed/Work/Projects/react-native/react-native-workers/example/src/workers/blob.ts","requestedFrom":"/Users/ammarahmed/Work/Projects/react-native/react-native-workers/example/src/screens/TestsScreen.tsx"}
{"id":"src/workers/mmkv","absPath":"/Users/ammarahmed/Work/Projects/react-native/react-native-workers/example/src/workers/mmkv.ts","requestedFrom":"/Users/ammarahmed/Work/Projects/react-native/react-native-workers/example/src/screens/TestsScreen.tsx"}
{"id":"src/workers/mmkv2","absPath":"/Users/ammarahmed/Work/Projects/react-native/react-native-workers/example/src/workers/mmkv2.ts","requestedFrom":"/Users/ammarahmed/Work/Projects/react-native/react-native-workers/example/src/screens/TestsScreen.tsx"}
{"id":"src/workers/gzip","absPath":"/Users/ammarahmed/Work/Projects/react-native/react-native-workers/example/src/workers/gzip.ts","requestedFrom":"/Users/ammarahmed/Work/Projects/react-native/react-native-workers/example/src/screens/TestsScreen.tsx"}
{"id":"src/workers/double","absPath":"/Users/ammarahmed/Work/Projects/react-native/react-native-workers/example/src/workers/double.ts","requestedFrom":"/Users/ammarahmed/Work/Projects/react-native/react-native-workers/example/src/screens/TestsScreen.tsx"}
{"id":"src/workers/blobutil","absPath":"/Users/ammarahmed/Work/Projects/react-native/react-native-workers/example/src/workers/blobutil.ts","requestedFrom":"/Users/ammarahmed/Work/Projects/react-native/react-native-workers/example/src/screens/TestsScreen.tsx"}
{"id":"src/workers/blob","absPath":"/Users/ammarahmed/Work/Projects/react-native/react-native-workers/example/src/workers/blob.ts","requestedFrom":"/Users/ammarahmed/Work/Projects/react-native/react-native-workers/example/src/screens/TestsScreen.tsx"}
{"id":"src/workers/mmkv","absPath":"/Users/ammarahmed/Work/Projects/react-native/react-native-workers/example/src/workers/mmkv.ts","requestedFrom":"/Users/ammarahmed/Work/Projects/react-native/react-native-workers/example/src/screens/TestsScreen.tsx"}
{"id":"src/workers/mmkv2","absPath":"/Users/ammarahmed/Work/Projects/react-native/react-native-workers/example/src/workers/mmkv2.ts","requestedFrom":"/Users/ammarahmed/Work/Projects/react-native/react-native-workers/example/src/screens/TestsScreen.tsx"}
{"id":"src/workers/gzip","absPath":"/Users/ammarahmed/Work/Projects/react-native/react-native-workers/example/src/workers/gzip.ts","requestedFrom":"/Users/ammarahmed/Work/Projects/react-native/react-native-workers/example/src/screens/TestsScreen.tsx"}
{"id":"src/workers/double","absPath":"/Users/ammarahmed/Work/Projects/react-native/react-native-workers/example/src/workers/double.ts","requestedFrom":"/Users/ammarahmed/Work/Projects/react-native/react-native-workers/example/src/screens/TestsScreen.tsx"}
{"id":"src/workers/blobutil","absPath":"/Users/ammarahmed/Work/Projects/react-native/react-native-workers/example/src/workers/blobutil.ts","requestedFrom":"/Users/ammarahmed/Work/Projects/react-native/react-native-workers/example/src/screens/TestsScreen.tsx"}
{"id":"src/workers/blob","absPath":"/Users/ammarahmed/Work/Projects/react-native/react-native-workers/example/src/workers/blob.ts","requestedFrom":"/Users/ammarahmed/Work/Projects/react-native/react-native-workers/example/src/screens/TestsScreen.tsx"}
{"id":"src/workers/mmkv","absPath":"/Users/ammarahmed/Work/Projects/react-native/react-native-workers/example/src/workers/mmkv.ts","requestedFrom":"/Users/ammarahmed/Work/Projects/react-native/react-native-workers/example/src/screens/TestsScreen.tsx"}
{"id":"src/workers/mmkv2","absPath":"/Users/ammarahmed/Work/Projects/react-native/react-native-workers/example/src/workers/mmkv2.ts","requestedFrom":"/Users/ammarahmed/Work/Projects/react-native/react-native-workers/example/src/screens/TestsScreen.tsx"}
{"id":"src/workers/search","absPath":"/Users/ammarahmed/Work/Projects/react-native/react-native-workers/example/src/workers/search.ts","requestedFrom":"/Users/ammarahmed/Work/Projects/react-native/react-native-workers/example/src/screens/SearchServiceScreen.tsx"}
{"id":"src/workers/notes","absPath":"/Users/ammarahmed/Work/Projects/react-native/react-native-workers/example/src/workers/notes.ts","requestedFrom":"/Users/ammarahmed/Work/Projects/react-native/react-native-workers/example/src/screens/NotesScreen.tsx"}
{"id":"src/workers/uidemo","absPath":"/Users/ammarahmed/Work/Projects/react-native/react-native-workers/example/src/workers/uidemo.ts","requestedFrom":"/Users/ammarahmed/Work/Projects/react-native/react-native-workers/example/src/screens/UIWorkerDemoScreen.tsx"}
{"id":"src/workers/uidemo","absPath":"/Users/ammarahmed/Work/Projects/react-native/react-native-workers/example/src/workers/uidemo.ts","requestedFrom":"/Users/ammarahmed/Work/Projects/react-native/react-native-workers/example/src/screens/UIWorkerDemoScreen.tsx"}
{"id":"src/workers/sensor","absPath":"/Users/ammarahmed/Work/Projects/react-native/react-native-workers/example/src/workers/sensor.ts","requestedFrom":"/Users/ammarahmed/Work/Projects/react-native/react-native-workers/example/src/screens/SensorScreen.tsx"}
{"id":"src/workers/imagefx","absPath":"/Users/ammarahmed/Work/Projects/react-native/react-native-workers/example/src/workers/imagefx.ts","requestedFrom":"/Users/ammarahmed/Work/Projects/react-native/react-native-workers/example/src/screens/ImageFxScreen.tsx"}
{"id":"src/workers/downloads","absPath":"/Users/ammarahmed/Work/Projects/react-native/react-native-workers/example/src/workers/downloads.ts","requestedFrom":"/Users/ammarahmed/Work/Projects/react-native/react-native-workers/example/src/screens/DownloadsScreen.tsx"}
{"id":"src/workers/parse","absPath":"/Users/ammarahmed/Work/Projects/react-native/react-native-workers/example/src/workers/parse.ts","requestedFrom":"/Users/ammarahmed/Work/Projects/react-native/react-native-workers/example/src/screens/ParseScreen.tsx"}
{"id":"src/workers/gzip","absPath":"/Users/ammarahmed/Work/Projects/react-native/react-native-workers/example/src/workers/gzip.ts","requestedFrom":"/Users/ammarahmed/Work/Projects/react-native/react-native-workers/example/src/screens/TestsScreen.tsx"}
{"id":"src/workers/double","absPath":"/Users/ammarahmed/Work/Projects/react-native/react-native-workers/example/src/workers/double.ts","requestedFrom":"/Users/ammarahmed/Work/Projects/react-native/react-native-workers/example/src/screens/TestsScreen.tsx"}
{"id":"src/workers/blobutil","absPath":"/Users/ammarahmed/Work/Projects/react-native/react-native-workers/example/src/workers/blobutil.ts","requestedFrom":"/Users/ammarahmed/Work/Projects/react-native/react-native-workers/example/src/screens/TestsScreen.tsx"}
{"id":"src/workers/blob","absPath":"/Users/ammarahmed/Work/Projects/react-native/react-native-workers/example/src/workers/blob.ts","requestedFrom":"/Users/ammarahmed/Work/Projects/react-native/react-native-workers/example/src/screens/TestsScreen.tsx"}
{"id":"src/workers/mmkv","absPath":"/Users/ammarahmed/Work/Projects/react-native/react-native-workers/example/src/workers/mmkv.ts","requestedFrom":"/Users/ammarahmed/Work/Projects/react-native/react-native-workers/example/src/screens/TestsScreen.tsx"}
{"id":"src/workers/mmkv2","absPath":"/Users/ammarahmed/Work/Projects/react-native/react-native-workers/example/src/workers/mmkv2.ts","requestedFrom":"/Users/ammarahmed/Work/Projects/react-native/react-native-workers/example/src/screens/TestsScreen.tsx"}
{"id":"src/workers/uidemo","absPath":"/Users/ammarahmed/Work/Projects/react-native/react-native-workers/example/src/workers/uidemo.ts","requestedFrom":"/Users/ammarahmed/Work/Projects/react-native/react-native-workers/example/src/screens/UIWorkerDemoScreen.tsx"}
{"id":"src/workers/uidemo","absPath":"/Users/ammarahmed/Work/Projects/react-native/react-native-workers/example/src/workers/uidemo.ts","requestedFrom":"/Users/ammarahmed/Work/Projects/react-native/react-native-workers/example/src/screens/UIWorkerDemoScreen.tsx"}
{"id":"src/workers/notes","absPath":"/Users/ammarahmed/Work/Projects/react-native/react-native-workers/example/src/workers/notes.ts","requestedFrom":"/Users/ammarahmed/Work/Projects/react-native/react-native-workers/example/src/screens/NotesScreen.tsx"}
{"id":"src/workers/gzip","absPath":"/Users/ammarahmed/Work/Projects/react-native/react-native-workers/example/src/workers/gzip.ts","requestedFrom":"/Users/ammarahmed/Work/Projects/react-native/react-native-workers/example/src/screens/TestsScreen.tsx"}
{"id":"src/workers/nativescript","absPath":"/Users/ammarahmed/Work/Projects/react-native/react-native-workers/example/src/workers/nativescript.ts","requestedFrom":"/Users/ammarahmed/Work/Projects/react-native/react-native-workers/example/src/screens/NativeScriptScreen.tsx"}
{"id":"src/workers/double","absPath":"/Users/ammarahmed/Work/Projects/react-native/react-native-workers/example/src/workers/double.ts","requestedFrom":"/Users/ammarahmed/Work/Projects/react-native/react-native-workers/example/src/screens/TestsScreen.tsx"}
{"id":"src/workers/blobutil","absPath":"/Users/ammarahmed/Work/Projects/react-native/react-native-workers/example/src/workers/blobutil.ts","requestedFrom":"/Users/ammarahmed/Work/Projects/react-native/react-native-workers/example/src/screens/TestsScreen.tsx"}
{"id":"src/workers/blob","absPath":"/Users/ammarahmed/Work/Projects/react-native/react-native-workers/example/src/workers/blob.ts","requestedFrom":"/Users/ammarahmed/Work/Projects/react-native/react-native-workers/example/src/screens/TestsScreen.tsx"}
{"id":"src/workers/mmkv","absPath":"/Users/ammarahmed/Work/Projects/react-native/react-native-workers/example/src/workers/mmkv.ts","requestedFrom":"/Users/ammarahmed/Work/Projects/react-native/react-native-workers/example/src/screens/TestsScreen.tsx"}
{"id":"src/workers/mmkv2","absPath":"/Users/ammarahmed/Work/Projects/react-native/react-native-workers/example/src/workers/mmkv2.ts","requestedFrom":"/Users/ammarahmed/Work/Projects/react-native/react-native-workers/example/src/screens/TestsScreen.tsx"}
{"id":"src/workers/sensor","absPath":"/Users/ammarahmed/Work/Projects/react-native/react-native-workers/example/src/workers/sensor.ts","requestedFrom":"/Users/ammarahmed/Work/Projects/react-native/react-native-workers/example/src/screens/SensorScreen.tsx"}
{"id":"src/workers/imagefx","absPath":"/Users/ammarahmed/Work/Projects/react-native/react-native-workers/example/src/workers/imagefx.ts","requestedFrom":"/Users/ammarahmed/Work/Projects/react-native/react-native-workers/example/src/screens/ImageFxScreen.tsx"}
{"id":"src/workers/downloads","absPath":"/Users/ammarahmed/Work/Projects/react-native/react-native-workers/example/src/workers/downloads.ts","requestedFrom":"/Users/ammarahmed/Work/Projects/react-native/react-native-workers/example/src/screens/DownloadsScreen.tsx"}
{"id":"src/workers/search","absPath":"/Users/ammarahmed/Work/Projects/react-native/react-native-workers/example/src/workers/search.ts","requestedFrom":"/Users/ammarahmed/Work/Projects/react-native/react-native-workers/example/src/screens/SearchServiceScreen.tsx"}
{"id":"src/workers/parse","absPath":"/Users/ammarahmed/Work/Projects/react-native/react-native-workers/example/src/workers/parse.ts","requestedFrom":"/Users/ammarahmed/Work/Projects/react-native/react-native-workers/example/src/screens/ParseScreen.tsx"}
{"id":"src/workers/search","absPath":"/Users/ammarahmed/Work/Projects/react-native/react-native-workers/example/src/workers/search.ts","requestedFrom":"/Users/ammarahmed/Work/Projects/react-native/react-native-workers/example/src/screens/SearchServiceScreen.tsx"}
{"id":"src/workers/nativescript","absPath":"/Users/ammarahmed/Work/Projects/react-native/react-native-workers/example/src/workers/nativescript.ts","requestedFrom":"/Users/ammarahmed/Work/Projects/react-native/react-native-workers/example/src/screens/NativeScriptScreen.tsx"}
{"id":"src/workers/uidemo","absPath":"/Users/ammarahmed/Work/Projects/react-native/react-native-workers/example/src/workers/uidemo.ts","requestedFrom":"/Users/ammarahmed/Work/Projects/react-native/react-native-workers/example/src/screens/UIWorkerDemoScreen.tsx"}
{"id":"src/workers/uidemo","absPath":"/Users/ammarahmed/Work/Projects/react-native/react-native-workers/example/src/workers/uidemo.ts","requestedFrom":"/Users/ammarahmed/Work/Projects/react-native/react-native-workers/example/src/screens/UIWorkerDemoScreen.tsx"}
{"id":"src/workers/notes","absPath":"/Users/ammarahmed/Work/Projects/react-native/react-native-workers/example/src/workers/notes.ts","requestedFrom":"/Users/ammarahmed/Work/Projects/react-native/react-native-workers/example/src/screens/NotesScreen.tsx"}
{"id":"src/workers/downloads","absPath":"/Users/ammarahmed/Work/Projects/react-native/react-native-workers/example/src/workers/downloads.ts","requestedFrom":"/Users/ammarahmed/Work/Projects/react-native/react-native-workers/example/src/screens/DownloadsScreen.tsx"}
{"id":"src/workers/sensor","absPath":"/Users/ammarahmed/Work/Projects/react-native/react-native-workers/example/src/workers/sensor.ts","requestedFrom":"/Users/ammarahmed/Work/Projects/react-native/react-native-workers/example/src/screens/SensorScreen.tsx"}
{"id":"src/workers/parse","absPath":"/Users/ammarahmed/Work/Projects/react-native/react-native-workers/example/src/workers/parse.ts","requestedFrom":"/Users/ammarahmed/Work/Projects/react-native/react-native-workers/example/src/screens/ParseScreen.tsx"}
{"id":"src/workers/imagefx","absPath":"/Users/ammarahmed/Work/Projects/react-native/react-native-workers/example/src/workers/imagefx.ts","requestedFrom":"/Users/ammarahmed/Work/Projects/react-native/react-native-workers/example/src/screens/ImageFxScreen.tsx"}
{"id":"src/workers/gzip","absPath":"/Users/ammarahmed/Work/Projects/react-native/react-native-workers/example/src/workers/gzip.ts","requestedFrom":"/Users/ammarahmed/Work/Projects/react-native/react-native-workers/example/src/screens/TestsScreen.tsx"}
{"id":"src/workers/double","absPath":"/Users/ammarahmed/Work/Projects/react-native/react-native-workers/example/src/workers/double.ts","requestedFrom":"/Users/ammarahmed/Work/Projects/react-native/react-native-workers/example/src/screens/TestsScreen.tsx"}
{"id":"src/workers/blobutil","absPath":"/Users/ammarahmed/Work/Projects/react-native/react-native-workers/example/src/workers/blobutil.ts","requestedFrom":"/Users/ammarahmed/Work/Projects/react-native/react-native-workers/example/src/screens/TestsScreen.tsx"}
{"id":"src/workers/blob","absPath":"/Users/ammarahmed/Work/Projects/react-native/react-native-workers/example/src/workers/blob.ts","requestedFrom":"/Users/ammarahmed/Work/Projects/react-native/react-native-workers/example/src/screens/TestsScreen.tsx"}
{"id":"src/workers/mmkv","absPath":"/Users/ammarahmed/Work/Projects/react-native/react-native-workers/example/src/workers/mmkv.ts","requestedFrom":"/Users/ammarahmed/Work/Projects/react-native/react-native-workers/example/src/screens/TestsScreen.tsx"}
{"id":"src/workers/mmkv2","absPath":"/Users/ammarahmed/Work/Projects/react-native/react-native-workers/example/src/workers/mmkv2.ts","requestedFrom":"/Users/ammarahmed/Work/Projects/react-native/react-native-workers/example/src/screens/TestsScreen.tsx"}
{"id":"src/workers/nativescript","absPath":"/Users/ammarahmed/Work/Projects/react-native/react-native-workers/example/src/workers/nativescript.ts","requestedFrom":"/Users/ammarahmed/Work/Projects/react-native/react-native-workers/example/src/screens/NativeScriptScreen.tsx"}
{"id":"src/workers/search","absPath":"/Users/ammarahmed/Work/Projects/react-native/react-native-workers/example/src/workers/search.ts","requestedFrom":"/Users/ammarahmed/Work/Projects/react-native/react-native-workers/example/src/screens/SearchServiceScreen.tsx"}
{"id":"src/workers/uidemo","absPath":"/Users/ammarahmed/Work/Projects/react-native/react-native-workers/example/src/workers/uidemo.ts","requestedFrom":"/Users/ammarahmed/Work/Projects/react-native/react-native-workers/example/src/screens/UIWorkerDemoScreen.tsx"}
{"id":"src/workers/notes","absPath":"/Users/ammarahmed/Work/Projects/react-native/react-native-workers/example/src/workers/notes.ts","requestedFrom":"/Users/ammarahmed/Work/Projects/react-native/react-native-workers/example/src/screens/NotesScreen.tsx"}
{"id":"src/workers/uidemo","absPath":"/Users/ammarahmed/Work/Projects/react-native/react-native-workers/example/src/workers/uidemo.ts","requestedFrom":"/Users/ammarahmed/Work/Projects/react-native/react-native-workers/example/src/screens/UIWorkerDemoScreen.tsx"}
{"id":"src/workers/downloads","absPath":"/Users/ammarahmed/Work/Projects/react-native/react-native-workers/example/src/workers/downloads.ts","requestedFrom":"/Users/ammarahmed/Work/Projects/react-native/react-native-workers/example/src/screens/DownloadsScreen.tsx"}
{"id":"src/workers/gzip","absPath":"/Users/ammarahmed/Work/Projects/react-native/react-native-workers/example/src/workers/gzip.ts","requestedFrom":"/Users/ammarahmed/Work/Projects/react-native/react-native-workers/example/src/screens/TestsScreen.tsx"}
{"id":"src/workers/double","absPath":"/Users/ammarahmed/Work/Projects/react-native/react-native-workers/example/src/workers/double.ts","requestedFrom":"/Users/ammarahmed/Work/Projects/react-native/react-native-workers/example/src/screens/TestsScreen.tsx"}
{"id":"src/workers/imagefx","absPath":"/Users/ammarahmed/Work/Projects/react-native/react-native-workers/example/src/workers/imagefx.ts","requestedFrom":"/Users/ammarahmed/Work/Projects/react-native/react-native-workers/example/src/screens/ImageFxScreen.tsx"}
{"id":"src/workers/blobutil","absPath":"/Users/ammarahmed/Work/Projects/react-native/react-native-workers/example/src/workers/blobutil.ts","requestedFrom":"/Users/ammarahmed/Work/Projects/react-native/react-native-workers/example/src/screens/TestsScreen.tsx"}
{"id":"src/workers/blob","absPath":"/Users/ammarahmed/Work/Projects/react-native/react-native-workers/example/src/workers/blob.ts","requestedFrom":"/Users/ammarahmed/Work/Projects/react-native/react-native-workers/example/src/screens/TestsScreen.tsx"}
{"id":"src/workers/sensor","absPath":"/Users/ammarahmed/Work/Projects/react-native/react-native-workers/example/src/workers/sensor.ts","requestedFrom":"/Users/ammarahmed/Work/Projects/react-native/react-native-workers/example/src/screens/SensorScreen.tsx"}
{"id":"src/workers/mmkv","absPath":"/Users/ammarahmed/Work/Projects/react-native/react-native-workers/example/src/workers/mmkv.ts","requestedFrom":"/Users/ammarahmed/Work/Projects/react-native/react-native-workers/example/src/screens/TestsScreen.tsx"}
{"id":"src/workers/mmkv2","absPath":"/Users/ammarahmed/Work/Projects/react-native/react-native-workers/example/src/workers/mmkv2.ts","requestedFrom":"/Users/ammarahmed/Work/Projects/react-native/react-native-workers/example/src/screens/TestsScreen.tsx"}
{"id":"src/workers/parse","absPath":"/Users/ammarahmed/Work/Projects/react-native/react-native-workers/example/src/workers/parse.ts","requestedFrom":"/Users/ammarahmed/Work/Projects/react-native/react-native-workers/example/src/screens/ParseScreen.tsx"}
{"id":"src/workers/nativescript","absPath":"/Users/ammarahmed/Work/Projects/react-native/react-native-workers/example/src/workers/nativescript.ts","requestedFrom":"/Users/ammarahmed/Work/Projects/react-native/react-native-workers/example/src/screens/NativeScriptScreen.tsx"}
{"id":"src/workers/nativescript","absPath":"/Users/ammarahmed/Work/Projects/react-native/react-native-workers/example/src/workers/nativescript.ts","requestedFrom":"/Users/ammarahmed/Work/Projects/react-native/react-native-workers/example/src/screens/NativeScriptScreen.tsx"}
{"id":"src/workers/nativescript","absPath":"/Users/ammarahmed/Work/Projects/react-native/react-native-workers/example/src/workers/nativescript.ts","requestedFrom":"/Users/ammarahmed/Work/Projects/react-native/react-native-workers/example/src/screens/NativeScriptScreen.tsx"}
{"id":"src/workers/uidemo","absPath":"/Users/ammarahmed/Work/Projects/react-native/react-native-workers/example/src/workers/uidemo.ts","requestedFrom":"/Users/ammarahmed/Work/Projects/react-native/react-native-workers/example/src/screens/UIWorkerDemoScreen.tsx"}
{"id":"src/workers/uidemo","absPath":"/Users/ammarahmed/Work/Projects/react-native/react-native-workers/example/src/workers/uidemo.ts","requestedFrom":"/Users/ammarahmed/Work/Projects/react-native/react-native-workers/example/src/screens/UIWorkerDemoScreen.tsx"}
{"id":"src/workers/search","absPath":"/Users/ammarahmed/Work/Projects/react-native/react-native-workers/example/src/workers/search.ts","requestedFrom":"/Users/ammarahmed/Work/Projects/react-native/react-native-workers/example/src/screens/SearchServiceScreen.tsx"}
{"id":"src/workers/downloads","absPath":"/Users/ammarahmed/Work/Projects/react-native/react-native-workers/example/src/workers/downloads.ts","requestedFrom":"/Users/ammarahmed/Work/Projects/react-native/react-native-workers/example/src/screens/DownloadsScreen.tsx"}
{"id":"src/workers/nativescript","absPath":"/Users/ammarahmed/Work/Projects/react-native/react-native-workers/example/src/workers/nativescript.ts","requestedFrom":"/Users/ammarahmed/Work/Projects/react-native/react-native-workers/example/src/screens/NativeScriptScreen.tsx"}
{"id":"src/workers/imagefx","absPath":"/Users/ammarahmed/Work/Projects/react-native/react-native-workers/example/src/workers/imagefx.ts","requestedFrom":"/Users/ammarahmed/Work/Projects/react-native/react-native-workers/example/src/screens/ImageFxScreen.tsx"}
{"id":"src/workers/sensor","absPath":"/Users/ammarahmed/Work/Projects/react-native/react-native-workers/example/src/workers/sensor.ts","requestedFrom":"/Users/ammarahmed/Work/Projects/react-native/react-native-workers/example/src/screens/SensorScreen.tsx"}
{"id":"src/workers/gzip","absPath":"/Users/ammarahmed/Work/Projects/react-native/react-native-workers/example/src/workers/gzip.ts","requestedFrom":"/Users/ammarahmed/Work/Projects/react-native/react-native-workers/example/src/screens/TestsScreen.tsx"}
{"id":"src/workers/double","absPath":"/Users/ammarahmed/Work/Projects/react-native/react-native-workers/example/src/workers/double.ts","requestedFrom":"/Users/ammarahmed/Work/Projects/react-native/react-native-workers/example/src/screens/TestsScreen.tsx"}
{"id":"src/workers/blobutil","absPath":"/Users/ammarahmed/Work/Projects/react-native/react-native-workers/example/src/workers/blobutil.ts","requestedFrom":"/Users/ammarahmed/Work/Projects/react-native/react-native-workers/example/src/screens/TestsScreen.tsx"}
{"id":"src/workers/blob","absPath":"/Users/ammarahmed/Work/Projects/react-native/react-native-workers/example/src/workers/blob.ts","requestedFrom":"/Users/ammarahmed/Work/Projects/react-native/react-native-workers/example/src/screens/TestsScreen.tsx"}
{"id":"src/workers/mmkv","absPath":"/Users/ammarahmed/Work/Projects/react-native/react-native-workers/example/src/workers/mmkv.ts","requestedFrom":"/Users/ammarahmed/Work/Projects/react-native/react-native-workers/example/src/screens/TestsScreen.tsx"}
{"id":"src/workers/mmkv2","absPath":"/Users/ammarahmed/Work/Projects/react-native/react-native-workers/example/src/workers/mmkv2.ts","requestedFrom":"/Users/ammarahmed/Work/Projects/react-native/react-native-workers/example/src/screens/TestsScreen.tsx"}
{"id":"src/workers/notes","absPath":"/Users/ammarahmed/Work/Projects/react-native/react-native-workers/example/src/workers/notes.ts","requestedFrom":"/Users/ammarahmed/Work/Projects/react-native/react-native-workers/example/src/screens/NotesScreen.tsx"}
{"id":"src/workers/parse","absPath":"/Users/ammarahmed/Work/Projects/react-native/react-native-workers/example/src/workers/parse.ts","requestedFrom":"/Users/ammarahmed/Work/Projects/react-native/react-native-workers/example/src/screens/ParseScreen.tsx"}
{"id":"src/workers/nativescript","absPath":"/Users/ammarahmed/Work/Projects/react-native/react-native-workers/example/src/workers/nativescript.ts","requestedFrom":"/Users/ammarahmed/Work/Projects/react-native/react-native-workers/example/src/screens/NativeScriptScreen.tsx"}
{"id":"src/workers/nativescript","absPath":"/Users/ammarahmed/Work/Projects/react-native/react-native-workers/example/src/workers/nativescript.ts","requestedFrom":"/Users/ammarahmed/Work/Projects/react-native/react-native-workers/example/src/screens/NativeScriptScreen.tsx"}
{"id":"src/workers/nativecomponents","absPath":"/Users/ammarahmed/Work/Projects/react-native/react-native-workers/example/src/workers/nativecomponents.ts","requestedFrom":"/Users/ammarahmed/Work/Projects/react-native/react-native-workers/example/src/screens/NativeComponentScreen.tsx"}
{"id":"src/workers/nativecomponents","absPath":"/Users/ammarahmed/Work/Projects/react-native/react-native-workers/example/src/workers/nativecomponents.ts","requestedFrom":"/Users/ammarahmed/Work/Projects/react-native/react-native-workers/example/src/screens/NativeComponentScreen.tsx"}
{"id":"src/workers/nativescript","absPath":"/Users/ammarahmed/Work/Projects/react-native/react-native-workers/example/src/workers/nativescript.ts","requestedFrom":"/Users/ammarahmed/Work/Projects/react-native/react-native-workers/example/src/screens/NativeScriptScreen.tsx"}
{"id":"src/workers/search","absPath":"/Users/ammarahmed/Work/Projects/react-native/react-native-workers/example/src/workers/search.ts","requestedFrom":"/Users/ammarahmed/Work/Projects/react-native/react-native-workers/example/src/screens/SearchServiceScreen.tsx"}
{"id":"src/workers/gzip","absPath":"/Users/ammarahmed/Work/Projects/react-native/react-native-workers/example/src/workers/gzip.ts","requestedFrom":"/Users/ammarahmed/Work/Projects/react-native/react-native-workers/example/src/screens/TestsScreen.tsx"}
{"id":"src/workers/imagefx","absPath":"/Users/ammarahmed/Work/Projects/react-native/react-native-workers/example/src/workers/imagefx.ts","requestedFrom":"/Users/ammarahmed/Work/Projects/react-native/react-native-workers/example/src/screens/ImageFxScreen.tsx"}
{"id":"src/workers/double","absPath":"/Users/ammarahmed/Work/Projects/react-native/react-native-workers/example/src/workers/double.ts","requestedFrom":"/Users/ammarahmed/Work/Projects/react-native/react-native-workers/example/src/screens/TestsScreen.tsx"}
{"id":"src/workers/downloads","absPath":"/Users/ammarahmed/Work/Projects/react-native/react-native-workers/example/src/workers/downloads.ts","requestedFrom":"/Users/ammarahmed/Work/Projects/react-native/react-native-workers/example/src/screens/DownloadsScreen.tsx"}
{"id":"src/workers/blobutil","absPath":"/Users/ammarahmed/Work/Projects/react-native/react-native-workers/example/src/workers/blobutil.ts","requestedFrom":"/Users/ammarahmed/Work/Projects/react-native/react-native-workers/example/src/screens/TestsScreen.tsx"}
{"id":"src/workers/uidemo","absPath":"/Users/ammarahmed/Work/Projects/react-native/react-native-workers/example/src/workers/uidemo.ts","requestedFrom":"/Users/ammarahmed/Work/Projects/react-native/react-native-workers/example/src/screens/UIWorkerDemoScreen.tsx"}
{"id":"src/workers/uidemo","absPath":"/Users/ammarahmed/Work/Projects/react-native/react-native-workers/example/src/workers/uidemo.ts","requestedFrom":"/Users/ammarahmed/Work/Projects/react-native/react-native-workers/example/src/screens/UIWorkerDemoScreen.tsx"}
{"id":"src/workers/blob","absPath":"/Users/ammarahmed/Work/Projects/react-native/react-native-workers/example/src/workers/blob.ts","requestedFrom":"/Users/ammarahmed/Work/Projects/react-native/react-native-workers/example/src/screens/TestsScreen.tsx"}
{"id":"src/workers/mmkv","absPath":"/Users/ammarahmed/Work/Projects/react-native/react-native-workers/example/src/workers/mmkv.ts","requestedFrom":"/Users/ammarahmed/Work/Projects/react-native/react-native-workers/example/src/screens/TestsScreen.tsx"}
{"id":"src/workers/mmkv2","absPath":"/Users/ammarahmed/Work/Projects/react-native/react-native-workers/example/src/workers/mmkv2.ts","requestedFrom":"/Users/ammarahmed/Work/Projects/react-native/react-native-workers/example/src/screens/TestsScreen.tsx"}
{"id":"src/workers/notes","absPath":"/Users/ammarahmed/Work/Projects/react-native/react-native-workers/example/src/workers/notes.ts","requestedFrom":"/Users/ammarahmed/Work/Projects/react-native/react-native-workers/example/src/screens/NotesScreen.tsx"}
{"id":"src/workers/sensor","absPath":"/Users/ammarahmed/Work/Projects/react-native/react-native-workers/example/src/workers/sensor.ts","requestedFrom":"/Users/ammarahmed/Work/Projects/react-native/react-native-workers/example/src/screens/SensorScreen.tsx"}
{"id":"src/workers/parse","absPath":"/Users/ammarahmed/Work/Projects/react-native/react-native-workers/example/src/workers/parse.ts","requestedFrom":"/Users/ammarahmed/Work/Projects/react-native/react-native-workers/example/src/screens/ParseScreen.tsx"}
{"id":"src/workers/nativecomponents","absPath":"/Users/ammarahmed/Work/Projects/react-native/react-native-workers/example/src/workers/nativecomponents.ts","requestedFrom":"/Users/ammarahmed/Work/Projects/react-native/react-native-workers/example/src/screens/NativeComponentScreen.tsx"}
{"id":"src/workers/nativecomponents","absPath":"/Users/ammarahmed/Work/Projects/react-native/react-native-workers/example/src/workers/nativecomponents.ts","requestedFrom":"/Users/ammarahmed/Work/Projects/react-native/react-native-workers/example/src/screens/NativeComponentScreen.tsx"}
{"id":"src/workers/nativecomponents","absPath":"/Users/ammarahmed/Work/Projects/react-native/react-native-workers/example/src/workers/nativecomponents.ts","requestedFrom":"/Users/ammarahmed/Work/Projects/react-native/react-native-workers/example/src/screens/NativeComponentScreen.tsx"}
{"id":"src/workers/nativecomponents","absPath":"/Users/ammarahmed/Work/Projects/react-native/react-native-workers/example/src/workers/nativecomponents.ts","requestedFrom":"/Users/ammarahmed/Work/Projects/react-native/react-native-workers/example/src/screens/NativeComponentScreen.tsx"}
{"id":"src/workers/nativecomponents","absPath":"/Users/ammarahmed/Work/Projects/react-native/react-native-workers/example/src/workers/nativecomponents.ts","requestedFrom":"/Users/ammarahmed/Work/Projects/react-native/react-native-workers/example/src/native-components/workerComponentLibrary.ts"}
{"id":"src/workers/nativecomponents","absPath":"/Users/ammarahmed/Work/Projects/react-native/react-native-workers/example/src/workers/nativecomponents.ts","requestedFrom":"/Users/ammarahmed/Work/Projects/react-native/react-native-workers/example/src/native-components/workerComponentLibrary.ts"}
{"id":"src/workers/nativescript","absPath":"/Users/ammarahmed/Work/Projects/react-native/react-native-workers/example/src/workers/nativescript.ts","requestedFrom":"/Users/ammarahmed/Work/Projects/react-native/react-native-workers/example/src/screens/NativeScriptScreen.tsx"}
{"id":"src/workers/uidemo","absPath":"/Users/ammarahmed/Work/Projects/react-native/react-native-workers/example/src/workers/uidemo.ts","requestedFrom":"/Users/ammarahmed/Work/Projects/react-native/react-native-workers/example/src/screens/UIWorkerDemoScreen.tsx"}
{"id":"src/workers/uidemo","absPath":"/Users/ammarahmed/Work/Projects/react-native/react-native-workers/example/src/workers/uidemo.ts","requestedFrom":"/Users/ammarahmed/Work/Projects/react-native/react-native-workers/example/src/screens/UIWorkerDemoScreen.tsx"}
{"id":"src/workers/search","absPath":"/Users/ammarahmed/Work/Projects/react-native/react-native-workers/example/src/workers/search.ts","requestedFrom":"/Users/ammarahmed/Work/Projects/react-native/react-native-workers/example/src/screens/SearchServiceScreen.tsx"}
{"id":"src/workers/gzip","absPath":"/Users/ammarahmed/Work/Projects/react-native/react-native-workers/example/src/workers/gzip.ts","requestedFrom":"/Users/ammarahmed/Work/Projects/react-native/react-native-workers/example/src/screens/TestsScreen.tsx"}
{"id":"src/workers/double","absPath":"/Users/ammarahmed/Work/Projects/react-native/react-native-workers/example/src/workers/double.ts","requestedFrom":"/Users/ammarahmed/Work/Projects/react-native/react-native-workers/example/src/screens/TestsScreen.tsx"}
{"id":"src/workers/blobutil","absPath":"/Users/ammarahmed/Work/Projects/react-native/react-native-workers/example/src/workers/blobutil.ts","requestedFrom":"/Users/ammarahmed/Work/Projects/react-native/react-native-workers/example/src/screens/TestsScreen.tsx"}
{"id":"src/workers/blob","absPath":"/Users/ammarahmed/Work/Projects/react-native/react-native-workers/example/src/workers/blob.ts","requestedFrom":"/Users/ammarahmed/Work/Projects/react-native/react-native-workers/example/src/screens/TestsScreen.tsx"}
{"id":"src/workers/mmkv","absPath":"/Users/ammarahmed/Work/Projects/react-native/react-native-workers/example/src/workers/mmkv.ts","requestedFrom":"/Users/ammarahmed/Work/Projects/react-native/react-native-workers/example/src/screens/TestsScreen.tsx"}
{"id":"src/workers/mmkv2","absPath":"/Users/ammarahmed/Work/Projects/react-native/react-native-workers/example/src/workers/mmkv2.ts","requestedFrom":"/Users/ammarahmed/Work/Projects/react-native/react-native-workers/example/src/screens/TestsScreen.tsx"}
{"id":"src/workers/imagefx","absPath":"/Users/ammarahmed/Work/Projects/react-native/react-native-workers/example/src/workers/imagefx.ts","requestedFrom":"/Users/ammarahmed/Work/Projects/react-native/react-native-workers/example/src/screens/ImageFxScreen.tsx"}
{"id":"src/workers/downloads","absPath":"/Users/ammarahmed/Work/Projects/react-native/react-native-workers/example/src/workers/downloads.ts","requestedFrom":"/Users/ammarahmed/Work/Projects/react-native/react-native-workers/example/src/screens/DownloadsScreen.tsx"}
{"id":"src/workers/notes","absPath":"/Users/ammarahmed/Work/Projects/react-native/react-native-workers/example/src/workers/notes.ts","requestedFrom":"/Users/ammarahmed/Work/Projects/react-native/react-native-workers/example/src/screens/NotesScreen.tsx"}
{"id":"src/workers/sensor","absPath":"/Users/ammarahmed/Work/Projects/react-native/react-native-workers/example/src/workers/sensor.ts","requestedFrom":"/Users/ammarahmed/Work/Projects/react-native/react-native-workers/example/src/screens/SensorScreen.tsx"}
{"id":"src/workers/parse","absPath":"/Users/ammarahmed/Work/Projects/react-native/react-native-workers/example/src/workers/parse.ts","requestedFrom":"/Users/ammarahmed/Work/Projects/react-native/react-native-workers/example/src/screens/ParseScreen.tsx"}
{"id":"src/workers/nativecomponents","absPath":"/Users/ammarahmed/Work/Projects/react-native/react-native-workers/example/src/workers/nativecomponents.ts","requestedFrom":"/Users/ammarahmed/Work/Projects/react-native/react-native-workers/example/src/native-components/workerComponentLibrary.ts"}
{"id":"src/workers/nativecomponents","absPath":"/Users/ammarahmed/Work/Projects/react-native/react-native-workers/example/src/workers/nativecomponents.ts","requestedFrom":"/Users/ammarahmed/Work/Projects/react-native/react-native-workers/example/src/screens/NativeComponentScreen.tsx"}
{"id":"src/workers/nativescript","absPath":"/Users/ammarahmed/Work/Projects/react-native/react-native-workers/example/src/workers/nativescript.ts","requestedFrom":"/Users/ammarahmed/Work/Projects/react-native/react-native-workers/example/src/screens/NativeScriptScreen.tsx"}
{"id":"src/workers/nativescript","absPath":"/Users/ammarahmed/Work/Projects/react-native/react-native-workers/example/src/workers/nativescript.ts","requestedFrom":"/Users/ammarahmed/Work/Projects/react-native/react-native-workers/example/src/screens/NativeScriptScreen.tsx"}
{"id":"src/workers/nativescript","absPath":"/Users/ammarahmed/Work/Projects/react-native/react-native-workers/example/src/workers/nativescript.ts","requestedFrom":"/Users/ammarahmed/Work/Projects/react-native/react-native-workers/example/src/screens/NativeScriptScreen.tsx"}
{"id":"src/workers/nativescript","absPath":"/Users/ammarahmed/Work/Projects/react-native/react-native-workers/example/src/workers/nativescript.ts","requestedFrom":"/Users/ammarahmed/Work/Projects/react-native/react-native-workers/example/src/screens/NativeScriptScreen.tsx"}
{"id":"src/workers/search","absPath":"/Users/ammarahmed/Work/Projects/react-native/react-native-workers/example/src/workers/search.ts","requestedFrom":"/Users/ammarahmed/Work/Projects/react-native/react-native-workers/example/src/screens/SearchServiceScreen.tsx"}
{"id":"src/workers/gzip","absPath":"/Users/ammarahmed/Work/Projects/react-native/react-native-workers/example/src/workers/gzip.ts","requestedFrom":"/Users/ammarahmed/Work/Projects/react-native/react-native-workers/example/src/screens/TestsScreen.tsx"}
{"id":"src/workers/notes","absPath":"/Users/ammarahmed/Work/Projects/react-native/react-native-workers/example/src/workers/notes.ts","requestedFrom":"/Users/ammarahmed/Work/Projects/react-native/react-native-workers/example/src/screens/NotesScreen.tsx"}
{"id":"src/workers/double","absPath":"/Users/ammarahmed/Work/Projects/react-native/react-native-workers/example/src/workers/double.ts","requestedFrom":"/Users/ammarahmed/Work/Projects/react-native/react-native-workers/example/src/screens/TestsScreen.tsx"}
{"id":"src/workers/blobutil","absPath":"/Users/ammarahmed/Work/Projects/react-native/react-native-workers/example/src/workers/blobutil.ts","requestedFrom":"/Users/ammarahmed/Work/Projects/react-native/react-native-workers/example/src/screens/TestsScreen.tsx"}
{"id":"src/workers/blob","absPath":"/Users/ammarahmed/Work/Projects/react-native/react-native-workers/example/src/workers/blob.ts","requestedFrom":"/Users/ammarahmed/Work/Projects/react-native/react-native-workers/example/src/screens/TestsScreen.tsx"}
{"id":"src/workers/mmkv","absPath":"/Users/ammarahmed/Work/Projects/react-native/react-native-workers/example/src/workers/mmkv.ts","requestedFrom":"/Users/ammarahmed/Work/Projects/react-native/react-native-workers/example/src/screens/TestsScreen.tsx"}
{"id":"src/workers/mmkv2","absPath":"/Users/ammarahmed/Work/Projects/react-native/react-native-workers/example/src/workers/mmkv2.ts","requestedFrom":"/Users/ammarahmed/Work/Projects/react-native/react-native-workers/example/src/screens/TestsScreen.tsx"}
{"id":"src/workers/nativecomponents","absPath":"/Users/ammarahmed/Work/Projects/react-native/react-native-workers/example/src/workers/nativecomponents.ts","requestedFrom":"/Users/ammarahmed/Work/Projects/react-native/react-native-workers/example/src/screens/NativeComponentScreen.tsx"}
{"id":"src/workers/uidemo","absPath":"/Users/ammarahmed/Work/Projects/react-native/react-native-workers/example/src/workers/uidemo.ts","requestedFrom":"/Users/ammarahmed/Work/Projects/react-native/react-native-workers/example/src/screens/UIWorkerDemoScreen.tsx"}
{"id":"src/workers/uidemo","absPath":"/Users/ammarahmed/Work/Projects/react-native/react-native-workers/example/src/workers/uidemo.ts","requestedFrom":"/Users/ammarahmed/Work/Projects/react-native/react-native-workers/example/src/screens/UIWorkerDemoScreen.tsx"}
{"id":"src/workers/imagefx","absPath":"/Users/ammarahmed/Work/Projects/react-native/react-native-workers/example/src/workers/imagefx.ts","requestedFrom":"/Users/ammarahmed/Work/Projects/react-native/react-native-workers/example/src/screens/ImageFxScreen.tsx"}
{"id":"src/workers/downloads","absPath":"/Users/ammarahmed/Work/Projects/react-native/react-native-workers/example/src/workers/downloads.ts","requestedFrom":"/Users/ammarahmed/Work/Projects/react-native/react-native-workers/example/src/screens/DownloadsScreen.tsx"}
{"id":"src/workers/sensor","absPath":"/Users/ammarahmed/Work/Projects/react-native/react-native-workers/example/src/workers/sensor.ts","requestedFrom":"/Users/ammarahmed/Work/Projects/react-native/react-native-workers/example/src/screens/SensorScreen.tsx"}
{"id":"src/workers/parse","absPath":"/Users/ammarahmed/Work/Projects/react-native/react-native-workers/example/src/workers/parse.ts","requestedFrom":"/Users/ammarahmed/Work/Projects/react-native/react-native-workers/example/src/screens/ParseScreen.tsx"}
{"id":"src/workers/search","absPath":"/Users/ammarahmed/Work/Projects/react-native/react-native-workers/example/src/workers/search.ts","requestedFrom":"/Users/ammarahmed/Work/Projects/react-native/react-native-workers/example/src/screens/SearchServiceScreen.tsx"}
{"id":"src/workers/nativescript","absPath":"/Users/ammarahmed/Work/Projects/react-native/react-native-workers/example/src/workers/nativescript.ts","requestedFrom":"/Users/ammarahmed/Work/Projects/react-native/react-native-workers/example/src/screens/NativeScriptScreen.tsx"}
{"id":"src/workers/nativecomponents","absPath":"/Users/ammarahmed/Work/Projects/react-native/react-native-workers/example/src/workers/nativecomponents.ts","requestedFrom":"/Users/ammarahmed/Work/Projects/react-native/react-native-workers/example/src/screens/NativeComponentScreen.tsx"}
{"id":"src/workers/uidemo","absPath":"/Users/ammarahmed/Work/Projects/react-native/react-native-workers/example/src/workers/uidemo.ts","requestedFrom":"/Users/ammarahmed/Work/Projects/react-native/react-native-workers/example/src/screens/UIWorkerDemoScreen.tsx"}
{"id":"src/workers/uidemo","absPath":"/Users/ammarahmed/Work/Projects/react-native/react-native-workers/example/src/workers/uidemo.ts","requestedFrom":"/Users/ammarahmed/Work/Projects/react-native/react-native-workers/example/src/screens/UIWorkerDemoScreen.tsx"}
{"id":"src/workers/downloads","absPath":"/Users/ammarahmed/Work/Projects/react-native/react-native-workers/example/src/workers/downloads.ts","requestedFrom":"/Users/ammarahmed/Work/Projects/react-native/react-native-workers/example/src/screens/DownloadsScreen.tsx"}
{"id":"src/workers/notes","absPath":"/Users/ammarahmed/Work/Projects/react-native/react-native-workers/example/src/workers/notes.ts","requestedFrom":"/Users/ammarahmed/Work/Projects/react-native/react-native-workers/example/src/screens/NotesScreen.tsx"}
{"id":"src/workers/gzip","absPath":"/Users/ammarahmed/Work/Projects/react-native/react-native-workers/example/src/workers/gzip.ts","requestedFrom":"/Users/ammarahmed/Work/Projects/react-native/react-native-workers/example/src/screens/TestsScreen.tsx"}
{"id":"src/workers/double","absPath":"/Users/ammarahmed/Work/Projects/react-native/react-native-workers/example/src/workers/double.ts","requestedFrom":"/Users/ammarahmed/Work/Projects/react-native/react-native-workers/example/src/screens/TestsScreen.tsx"}
{"id":"src/workers/blobutil","absPath":"/Users/ammarahmed/Work/Projects/react-native/react-native-workers/example/src/workers/blobutil.ts","requestedFrom":"/Users/ammarahmed/Work/Projects/react-native/react-native-workers/example/src/screens/TestsScreen.tsx"}
{"id":"src/workers/blob","absPath":"/Users/ammarahmed/Work/Projects/react-native/react-native-workers/example/src/workers/blob.ts","requestedFrom":"/Users/ammarahmed/Work/Projects/react-native/react-native-workers/example/src/screens/TestsScreen.tsx"}
{"id":"src/workers/mmkv","absPath":"/Users/ammarahmed/Work/Projects/react-native/react-native-workers/example/src/workers/mmkv.ts","requestedFrom":"/Users/ammarahmed/Work/Projects/react-native/react-native-workers/example/src/screens/TestsScreen.tsx"}
{"id":"src/workers/mmkv2","absPath":"/Users/ammarahmed/Work/Projects/react-native/react-native-workers/example/src/workers/mmkv2.ts","requestedFrom":"/Users/ammarahmed/Work/Projects/react-native/react-native-workers/example/src/screens/TestsScreen.tsx"}
{"id":"src/workers/imagefx","absPath":"/Users/ammarahmed/Work/Projects/react-native/react-native-workers/example/src/workers/imagefx.ts","requestedFrom":"/Users/ammarahmed/Work/Projects/react-native/react-native-workers/example/src/screens/ImageFxScreen.tsx"}
{"id":"src/workers/sensor","absPath":"/Users/ammarahmed/Work/Projects/react-native/react-native-workers/example/src/workers/sensor.ts","requestedFrom":"/Users/ammarahmed/Work/Projects/react-native/react-native-workers/example/src/screens/SensorScreen.tsx"}
{"id":"src/workers/parse","absPath":"/Users/ammarahmed/Work/Projects/react-native/react-native-workers/example/src/workers/parse.ts","requestedFrom":"/Users/ammarahmed/Work/Projects/react-native/react-native-workers/example/src/screens/ParseScreen.tsx"}
{"id":"src/workers/uidemo","absPath":"/Users/ammarahmed/Work/Projects/react-native/react-native-workers/example/src/workers/uidemo.ts","requestedFrom":"/Users/ammarahmed/Work/Projects/react-native/react-native-workers/example/src/screens/UIWorkerDemoScreen.tsx"}
{"id":"src/workers/uidemo","absPath":"/Users/ammarahmed/Work/Projects/react-native/react-native-workers/example/src/workers/uidemo.ts","requestedFrom":"/Users/ammarahmed/Work/Projects/react-native/react-native-workers/example/src/screens/UIWorkerDemoScreen.tsx"}
{"id":"src/workers/imagefx","absPath":"/Users/ammarahmed/Work/Projects/react-native/react-native-workers/example/src/workers/imagefx.ts","requestedFrom":"/Users/ammarahmed/Work/Projects/react-native/react-native-workers/example/src/screens/ImageFxScreen.tsx"}
{"id":"src/workers/nativescript","absPath":"/Users/ammarahmed/Work/Projects/react-native/react-native-workers/example/src/workers/nativescript.ts","requestedFrom":"/Users/ammarahmed/Work/Projects/react-native/react-native-workers/example/src/screens/NativeScriptScreen.tsx"}
{"id":"src/workers/downloads","absPath":"/Users/ammarahmed/Work/Projects/react-native/react-native-workers/example/src/workers/downloads.ts","requestedFrom":"/Users/ammarahmed/Work/Projects/react-native/react-native-workers/example/src/screens/DownloadsScreen.tsx"}
{"id":"src/workers/gzip","absPath":"/Users/ammarahmed/Work/Projects/react-native/react-native-workers/example/src/workers/gzip.ts","requestedFrom":"/Users/ammarahmed/Work/Projects/react-native/react-native-workers/example/src/screens/TestsScreen.tsx"}
{"id":"src/workers/nativecomponents","absPath":"/Users/ammarahmed/Work/Projects/react-native/react-native-workers/example/src/workers/nativecomponents.ts","requestedFrom":"/Users/ammarahmed/Work/Projects/react-native/react-native-workers/example/src/screens/NativeComponentScreen.tsx"}
{"id":"src/workers/double","absPath":"/Users/ammarahmed/Work/Projects/react-native/react-native-workers/example/src/workers/double.ts","requestedFrom":"/Users/ammarahmed/Work/Projects/react-native/react-native-workers/example/src/screens/TestsScreen.tsx"}
{"id":"src/workers/blobutil","absPath":"/Users/ammarahmed/Work/Projects/react-native/react-native-workers/example/src/workers/blobutil.ts","requestedFrom":"/Users/ammarahmed/Work/Projects/react-native/react-native-workers/example/src/screens/TestsScreen.tsx"}
{"id":"src/workers/blob","absPath":"/Users/ammarahmed/Work/Projects/react-native/react-native-workers/example/src/workers/blob.ts","requestedFrom":"/Users/ammarahmed/Work/Projects/react-native/react-native-workers/example/src/screens/TestsScreen.tsx"}
{"id":"src/workers/mmkv","absPath":"/Users/ammarahmed/Work/Projects/react-native/react-native-workers/example/src/workers/mmkv.ts","requestedFrom":"/Users/ammarahmed/Work/Projects/react-native/react-native-workers/example/src/screens/TestsScreen.tsx"}
{"id":"src/workers/sensor","absPath":"/Users/ammarahmed/Work/Projects/react-native/react-native-workers/example/src/workers/sensor.ts","requestedFrom":"/Users/ammarahmed/Work/Projects/react-native/react-native-workers/example/src/screens/SensorScreen.tsx"}
{"id":"src/workers/mmkv2","absPath":"/Users/ammarahmed/Work/Projects/react-native/react-native-workers/example/src/workers/mmkv2.ts","requestedFrom":"/Users/ammarahmed/Work/Projects/react-native/react-native-workers/example/src/screens/TestsScreen.tsx"}
{"id":"src/workers/notes","absPath":"/Users/ammarahmed/Work/Projects/react-native/react-native-workers/example/src/workers/notes.ts","requestedFrom":"/Users/ammarahmed/Work/Projects/react-native/react-native-workers/example/src/screens/NotesScreen.tsx"}
{"id":"src/workers/parse","absPath":"/Users/ammarahmed/Work/Projects/react-native/react-native-workers/example/src/workers/parse.ts","requestedFrom":"/Users/ammarahmed/Work/Projects/react-native/react-native-workers/example/src/screens/ParseScreen.tsx"}
{"id":"src/workers/search","absPath":"/Users/ammarahmed/Work/Projects/react-native/react-native-workers/example/src/workers/search.ts","requestedFrom":"/Users/ammarahmed/Work/Projects/react-native/react-native-workers/example/src/screens/SearchServiceScreen.tsx"}
{"id":"src/workers/nativecomponents","absPath":"/Users/ammarahmed/Work/Projects/react-native/react-native-workers/example/src/workers/nativecomponents.ts","requestedFrom":"/Users/ammarahmed/Work/Projects/react-native/react-native-workers/example/src/screens/NativeComponentScreen.tsx"}
{"id":"src/workers/nativecomponents","absPath":"/Users/ammarahmed/Work/Projects/react-native/react-native-workers/example/src/workers/nativecomponents.ts","requestedFrom":"/Users/ammarahmed/Work/Projects/react-native/react-native-workers/example/src/screens/NativeComponentScreen.tsx"}
{"id":"src/workers/nativecomponents","absPath":"/Users/ammarahmed/Work/Projects/react-native/react-native-workers/example/src/workers/nativecomponents.ts","requestedFrom":"/Users/ammarahmed/Work/Projects/react-native/react-native-workers/example/src/screens/NativeComponentScreen.tsx"}
{"id":"src/workers/nativecomponents","absPath":"/Users/ammarahmed/Work/Projects/react-native/react-native-workers/example/src/workers/nativecomponents.ts","requestedFrom":"/Users/ammarahmed/Work/Projects/react-native/react-native-workers/example/src/screens/NativeComponentScreen.tsx"}
{"id":"src/workers/nativecomponents","absPath":"/Users/ammarahmed/Work/Projects/react-native/react-native-workers/example/src/workers/nativecomponents.ts","requestedFrom":"/Users/ammarahmed/Work/Projects/react-native/react-native-workers/example/src/screens/NativeComponentScreen.tsx"}
{"id":"src/workers/nativecomponents","absPath":"/Users/ammarahmed/Work/Projects/react-native/react-native-workers/example/src/workers/nativecomponents.ts","requestedFrom":"/Users/ammarahmed/Work/Projects/react-native/react-native-workers/example/src/screens/NativeComponentScreen.tsx"}
{"id":"src/workers/nativecomponents","absPath":"/Users/ammarahmed/Work/Projects/react-native/react-native-workers/example/src/workers/nativecomponents.ts","requestedFrom":"/Users/ammarahmed/Work/Projects/react-native/react-native-workers/example/src/screens/NativeComponentScreen.tsx"}
{"id":"src/workers/nativecomponents","absPath":"/Users/ammarahmed/Work/Projects/react-native/react-native-workers/example/src/workers/nativecomponents.ts","requestedFrom":"/Users/ammarahmed/Work/Projects/react-native/react-native-workers/example/src/screens/NativeComponentScreen.tsx"}
{"id":"src/workers/nativecomponents","absPath":"/Users/ammarahmed/Work/Projects/react-native/react-native-workers/example/src/workers/nativecomponents.ts","requestedFrom":"/Users/ammarahmed/Work/Projects/react-native/react-native-workers/example/src/screens/NativeComponentScreen.tsx"}
{"id":"src/workers/gzip","absPath":"/Users/ammarahmed/Work/Projects/react-native/react-native-workers/example/src/workers/gzip.ts","requestedFrom":"/Users/ammarahmed/Work/Projects/react-native/react-native-workers/example/src/screens/TestsScreen.tsx"}
{"id":"src/workers/double","absPath":"/Users/ammarahmed/Work/Projects/react-native/react-native-workers/example/src/workers/double.ts","requestedFrom":"/Users/ammarahmed/Work/Projects/react-native/react-native-workers/example/src/screens/TestsScreen.tsx"}
{"id":"src/workers/blobutil","absPath":"/Users/ammarahmed/Work/Projects/react-native/react-native-workers/example/src/workers/blobutil.ts","requestedFrom":"/Users/ammarahmed/Work/Projects/react-native/react-native-workers/example/src/screens/TestsScreen.tsx"}
{"id":"src/workers/blob","absPath":"/Users/ammarahmed/Work/Projects/react-native/react-native-workers/example/src/workers/blob.ts","requestedFrom":"/Users/ammarahmed/Work/Projects/react-native/react-native-workers/example/src/screens/TestsScreen.tsx"}
{"id":"src/workers/mmkv","absPath":"/Users/ammarahmed/Work/Projects/react-native/react-native-workers/example/src/workers/mmkv.ts","requestedFrom":"/Users/ammarahmed/Work/Projects/react-native/react-native-workers/example/src/screens/TestsScreen.tsx"}
{"id":"src/workers/mmkv2","absPath":"/Users/ammarahmed/Work/Projects/react-native/react-native-workers/example/src/workers/mmkv2.ts","requestedFrom":"/Users/ammarahmed/Work/Projects/react-native/react-native-workers/example/src/screens/TestsScreen.tsx"}
{"id":"src/workers/uidemo","absPath":"/Users/ammarahmed/Work/Projects/react-native/react-native-workers/example/src/workers/uidemo.ts","requestedFrom":"/Users/ammarahmed/Work/Projects/react-native/react-native-workers/example/src/screens/UIWorkerDemoScreen.tsx"}
{"id":"src/workers/uidemo","absPath":"/Users/ammarahmed/Work/Projects/react-native/react-native-workers/example/src/workers/uidemo.ts","requestedFrom":"/Users/ammarahmed/Work/Projects/react-native/react-native-workers/example/src/screens/UIWorkerDemoScreen.tsx"}
{"id":"src/workers/search","absPath":"/Users/ammarahmed/Work/Projects/react-native/react-native-workers/example/src/workers/search.ts","requestedFrom":"/Users/ammarahmed/Work/Projects/react-native/react-native-workers/example/src/screens/SearchServiceScreen.tsx"}
{"id":"src/workers/sensor","absPath":"/Users/ammarahmed/Work/Projects/react-native/react-native-workers/example/src/workers/sensor.ts","requestedFrom":"/Users/ammarahmed/Work/Projects/react-native/react-native-workers/example/src/screens/SensorScreen.tsx"}
{"id":"src/workers/nativecomponents","absPath":"/Users/ammarahmed/Work/Projects/react-native/react-native-workers/example/src/workers/nativecomponents.ts","requestedFrom":"/Users/ammarahmed/Work/Projects/react-native/react-native-workers/example/src/screens/NativeComponentScreen.tsx"}
{"id":"src/workers/notes","absPath":"/Users/ammarahmed/Work/Projects/react-native/react-native-workers/example/src/workers/notes.ts","requestedFrom":"/Users/ammarahmed/Work/Projects/react-native/react-native-workers/example/src/screens/NotesScreen.tsx"}
{"id":"src/workers/imagefx","absPath":"/Users/ammarahmed/Work/Projects/react-native/react-native-workers/example/src/workers/imagefx.ts","requestedFrom":"/Users/ammarahmed/Work/Projects/react-native/react-native-workers/example/src/screens/ImageFxScreen.tsx"}
{"id":"src/workers/nativescript","absPath":"/Users/ammarahmed/Work/Projects/react-native/react-native-workers/example/src/workers/nativescript.ts","requestedFrom":"/Users/ammarahmed/Work/Projects/react-native/react-native-workers/example/src/screens/NativeScriptScreen.tsx"}
{"id":"src/workers/parse","absPath":"/Users/ammarahmed/Work/Projects/react-native/react-native-workers/example/src/workers/parse.ts","requestedFrom":"/Users/ammarahmed/Work/Projects/react-native/react-native-workers/example/src/screens/ParseScreen.tsx"}
{"id":"src/workers/downloads","absPath":"/Users/ammarahmed/Work/Projects/react-native/react-native-workers/example/src/workers/downloads.ts","requestedFrom":"/Users/ammarahmed/Work/Projects/react-native/react-native-workers/example/src/screens/DownloadsScreen.tsx"}
{"id":"src/workers/nativescript","absPath":"/Users/ammarahmed/Work/Projects/react-native/react-native-workers/example/src/workers/nativescript.ts","requestedFrom":"/Users/ammarahmed/Work/Projects/react-native/react-native-workers/example/src/screens/NativeScriptScreen.tsx"}
{"id":"src/workers/uidemo","absPath":"/Users/ammarahmed/Work/Projects/react-native/react-native-workers/example/src/workers/uidemo.ts","requestedFrom":"/Users/ammarahmed/Work/Projects/react-native/react-native-workers/example/src/screens/UIWorkerDemoScreen.tsx"}
{"id":"src/workers/uidemo","absPath":"/Users/ammarahmed/Work/Projects/react-native/react-native-workers/example/src/workers/uidemo.ts","requestedFrom":"/Users/ammarahmed/Work/Projects/react-native/react-native-workers/example/src/screens/UIWorkerDemoScreen.tsx"}
{"id":"src/workers/nativecomponents","absPath":"/Users/ammarahmed/Work/Projects/react-native/react-native-workers/example/src/workers/nativecomponents.ts","requestedFrom":"/Users/ammarahmed/Work/Projects/react-native/react-native-workers/example/src/screens/NativeComponentScreen.tsx"}
{"id":"src/workers/notes","absPath":"/Users/ammarahmed/Work/Projects/react-native/react-native-workers/example/src/workers/notes.ts","requestedFrom":"/Users/ammarahmed/Work/Projects/react-native/react-native-workers/example/src/screens/NotesScreen.tsx"}
{"id":"src/workers/gzip","absPath":"/Users/ammarahmed/Work/Projects/react-native/react-native-workers/example/src/workers/gzip.ts","requestedFrom":"/Users/ammarahmed/Work/Projects/react-native/react-native-workers/example/src/screens/TestsScreen.tsx"}
{"id":"src/workers/double","absPath":"/Users/ammarahmed/Work/Projects/react-native/react-native-workers/example/src/workers/double.ts","requestedFrom":"/Users/ammarahmed/Work/Projects/react-native/react-native-workers/example/src/screens/TestsScreen.tsx"}
{"id":"src/workers/blobutil","absPath":"/Users/ammarahmed/Work/Projects/react-native/react-native-workers/example/src/workers/blobutil.ts","requestedFrom":"/Users/ammarahmed/Work/Projects/react-native/react-native-workers/example/src/screens/TestsScreen.tsx"}
{"id":"src/workers/blob","absPath":"/Users/ammarahmed/Work/Projects/react-native/react-native-workers/example/src/workers/blob.ts","requestedFrom":"/Users/ammarahmed/Work/Projects/react-native/react-native-workers/example/src/screens/TestsScreen.tsx"}
{"id":"src/workers/mmkv","absPath":"/Users/ammarahmed/Work/Projects/react-native/react-native-workers/example/src/workers/mmkv.ts","requestedFrom":"/Users/ammarahmed/Work/Projects/react-native/react-native-workers/example/src/screens/TestsScreen.tsx"}
{"id":"src/workers/mmkv2","absPath":"/Users/ammarahmed/Work/Projects/react-native/react-native-workers/example/src/workers/mmkv2.ts","requestedFrom":"/Users/ammarahmed/Work/Projects/react-native/react-native-workers/example/src/screens/TestsScreen.tsx"}
{"id":"src/workers/downloads","absPath":"/Users/ammarahmed/Work/Projects/react-native/react-native-workers/example/src/workers/downloads.ts","requestedFrom":"/Users/ammarahmed/Work/Projects/react-native/react-native-workers/example/src/screens/DownloadsScreen.tsx"}
{"id":"src/workers/search","absPath":"/Users/ammarahmed/Work/Projects/react-native/react-native-workers/example/src/workers/search.ts","requestedFrom":"/Users/ammarahmed/Work/Projects/react-native/react-native-workers/example/src/screens/SearchServiceScreen.tsx"}
{"id":"src/workers/parse","absPath":"/Users/ammarahmed/Work/Projects/react-native/react-native-workers/example/src/workers/parse.ts","requestedFrom":"/Users/ammarahmed/Work/Projects/react-native/react-native-workers/example/src/screens/ParseScreen.tsx"}
{"id":"src/workers/imagefx","absPath":"/Users/ammarahmed/Work/Projects/react-native/react-native-workers/example/src/workers/imagefx.ts","requestedFrom":"/Users/ammarahmed/Work/Projects/react-native/react-native-workers/example/src/screens/ImageFxScreen.tsx"}
{"id":"src/workers/sensor","absPath":"/Users/ammarahmed/Work/Projects/react-native/react-native-workers/example/src/workers/sensor.ts","requestedFrom":"/Users/ammarahmed/Work/Projects/react-native/react-native-workers/example/src/screens/SensorScreen.tsx"}
{"id":"src/workers/search","absPath":"/Users/ammarahmed/Work/Projects/react-native/react-native-workers/example/src/workers/search.ts","requestedFrom":"/Users/ammarahmed/Work/Projects/react-native/react-native-workers/example/src/screens/SearchServiceScreen.tsx"}
{"id":"src/workers/uidemo","absPath":"/Users/ammarahmed/Work/Projects/react-native/react-native-workers/example/src/workers/uidemo.ts","requestedFrom":"/Users/ammarahmed/Work/Projects/react-native/react-native-workers/example/src/screens/UIWorkerDemoScreen.tsx"}
{"id":"src/workers/uidemo","absPath":"/Users/ammarahmed/Work/Projects/react-native/react-native-workers/example/src/workers/uidemo.ts","requestedFrom":"/Users/ammarahmed/Work/Projects/react-native/react-native-workers/example/src/screens/UIWorkerDemoScreen.tsx"}
{"id":"src/workers/notes","absPath":"/Users/ammarahmed/Work/Projects/react-native/react-native-workers/example/src/workers/notes.ts","requestedFrom":"/Users/ammarahmed/Work/Projects/react-native/react-native-workers/example/src/screens/NotesScreen.tsx"}
{"id":"src/workers/nativescript","absPath":"/Users/ammarahmed/Work/Projects/react-native/react-native-workers/example/src/workers/nativescript.ts","requestedFrom":"/Users/ammarahmed/Work/Projects/react-native/react-native-workers/example/src/screens/NativeScriptScreen.tsx"}
{"id":"src/workers/nativecomponents","absPath":"/Users/ammarahmed/Work/Projects/react-native/react-native-workers/example/src/workers/nativecomponents.ts","requestedFrom":"/Users/ammarahmed/Work/Projects/react-native/react-native-workers/example/src/screens/NativeComponentScreen.tsx"}
{"id":"src/workers/downloads","absPath":"/Users/ammarahmed/Work/Projects/react-native/react-native-workers/example/src/workers/downloads.ts","requestedFrom":"/Users/ammarahmed/Work/Projects/react-native/react-native-workers/example/src/screens/DownloadsScreen.tsx"}
{"id":"src/workers/parse","absPath":"/Users/ammarahmed/Work/Projects/react-native/react-native-workers/example/src/workers/parse.ts","requestedFrom":"/Users/ammarahmed/Work/Projects/react-native/react-native-workers/example/src/screens/ParseScreen.tsx"}
{"id":"src/workers/gzip","absPath":"/Users/ammarahmed/Work/Projects/react-native/react-native-workers/example/src/workers/gzip.ts","requestedFrom":"/Users/ammarahmed/Work/Projects/react-native/react-native-workers/example/src/screens/TestsScreen.tsx"}
{"id":"src/workers/double","absPath":"/Users/ammarahmed/Work/Projects/react-native/react-native-workers/example/src/workers/double.ts","requestedFrom":"/Users/ammarahmed/Work/Projects/react-native/react-native-workers/example/src/screens/TestsScreen.tsx"}
{"id":"src/workers/blobutil","absPath":"/Users/ammarahmed/Work/Projects/react-native/react-native-workers/example/src/workers/blobutil.ts","requestedFrom":"/Users/ammarahmed/Work/Projects/react-native/react-native-workers/example/src/screens/TestsScreen.tsx"}
{"id":"src/workers/blob","absPath":"/Users/ammarahmed/Work/Projects/react-native/react-native-workers/example/src/workers/blob.ts","requestedFrom":"/Users/ammarahmed/Work/Projects/react-native/react-native-workers/example/src/screens/TestsScreen.tsx"}
{"id":"src/workers/mmkv","absPath":"/Users/ammarahmed/Work/Projects/react-native/react-native-workers/example/src/workers/mmkv.ts","requestedFrom":"/Users/ammarahmed/Work/Projects/react-native/react-native-workers/example/src/screens/TestsScreen.tsx"}
{"id":"src/workers/mmkv2","absPath":"/Users/ammarahmed/Work/Projects/react-native/react-native-workers/example/src/workers/mmkv2.ts","requestedFrom":"/Users/ammarahmed/Work/Projects/react-native/react-native-workers/example/src/screens/TestsScreen.tsx"}
{"id":"src/workers/imagefx","absPath":"/Users/ammarahmed/Work/Projects/react-native/react-native-workers/example/src/workers/imagefx.ts","requestedFrom":"/Users/ammarahmed/Work/Projects/react-native/react-native-workers/example/src/screens/ImageFxScreen.tsx"}
{"id":"src/workers/sensor","absPath":"/Users/ammarahmed/Work/Projects/react-native/react-native-workers/example/src/workers/sensor.ts","requestedFrom":"/Users/ammarahmed/Work/Projects/react-native/react-native-workers/example/src/screens/SensorScreen.tsx"}
{"id":"src/workers/nativecomponents","absPath":"/Users/ammarahmed/Work/Projects/react-native/react-native-workers/example/src/workers/nativecomponents.ts","requestedFrom":"/Users/ammarahmed/Work/Projects/react-native/react-native-workers/example/src/screens/NativeComponentScreen.tsx"}
{"id":"src/workers/uidemo","absPath":"/Users/ammarahmed/Work/Projects/react-native/react-native-workers/example/src/workers/uidemo.ts","requestedFrom":"/Users/ammarahmed/Work/Projects/react-native/react-native-workers/example/src/screens/UIWorkerDemoScreen.tsx"}
{"id":"src/workers/uidemo","absPath":"/Users/ammarahmed/Work/Projects/react-native/react-native-workers/example/src/workers/uidemo.ts","requestedFrom":"/Users/ammarahmed/Work/Projects/react-native/react-native-workers/example/src/screens/UIWorkerDemoScreen.tsx"}
{"id":"src/workers/search","absPath":"/Users/ammarahmed/Work/Projects/react-native/react-native-workers/example/src/workers/search.ts","requestedFrom":"/Users/ammarahmed/Work/Projects/react-native/react-native-workers/example/src/screens/SearchServiceScreen.tsx"}
{"id":"src/workers/gzip","absPath":"/Users/ammarahmed/Work/Projects/react-native/react-native-workers/example/src/workers/gzip.ts","requestedFrom":"/Users/ammarahmed/Work/Projects/react-native/react-native-workers/example/src/screens/TestsScreen.tsx"}
{"id":"src/workers/double","absPath":"/Users/ammarahmed/Work/Projects/react-native/react-native-workers/example/src/workers/double.ts","requestedFrom":"/Users/ammarahmed/Work/Projects/react-native/react-native-workers/example/src/screens/TestsScreen.tsx"}
{"id":"src/workers/blobutil","absPath":"/Users/ammarahmed/Work/Projects/react-native/react-native-workers/example/src/workers/blobutil.ts","requestedFrom":"/Users/ammarahmed/Work/Projects/react-native/react-native-workers/example/src/screens/TestsScreen.tsx"}
{"id":"src/workers/blob","absPath":"/Users/ammarahmed/Work/Projects/react-native/react-native-workers/example/src/workers/blob.ts","requestedFrom":"/Users/ammarahmed/Work/Projects/react-native/react-native-workers/example/src/screens/TestsScreen.tsx"}
{"id":"src/workers/mmkv","absPath":"/Users/ammarahmed/Work/Projects/react-native/react-native-workers/example/src/workers/mmkv.ts","requestedFrom":"/Users/ammarahmed/Work/Projects/react-native/react-native-workers/example/src/screens/TestsScreen.tsx"}
{"id":"src/workers/mmkv2","absPath":"/Users/ammarahmed/Work/Projects/react-native/react-native-workers/example/src/workers/mmkv2.ts","requestedFrom":"/Users/ammarahmed/Work/Projects/react-native/react-native-workers/example/src/screens/TestsScreen.tsx"}
{"id":"src/workers/downloads","absPath":"/Users/ammarahmed/Work/Projects/react-native/react-native-workers/example/src/workers/downloads.ts","requestedFrom":"/Users/ammarahmed/Work/Projects/react-native/react-native-workers/example/src/screens/DownloadsScreen.tsx"}
{"id":"src/workers/notes","absPath":"/Users/ammarahmed/Work/Projects/react-native/react-native-workers/example/src/workers/notes.ts","requestedFrom":"/Users/ammarahmed/Work/Projects/react-native/react-native-workers/example/src/screens/NotesScreen.tsx"}
{"id":"src/workers/parse","absPath":"/Users/ammarahmed/Work/Projects/react-native/react-native-workers/example/src/workers/parse.ts","requestedFrom":"/Users/ammarahmed/Work/Projects/react-native/react-native-workers/example/src/screens/ParseScreen.tsx"}
{"id":"src/workers/nativescript","absPath":"/Users/ammarahmed/Work/Projects/react-native/react-native-workers/example/src/workers/nativescript.ts","requestedFrom":"/Users/ammarahmed/Work/Projects/react-native/react-native-workers/example/src/screens/NativeScriptScreen.tsx"}
{"id":"src/workers/sensor","absPath":"/Users/ammarahmed/Work/Projects/react-native/react-native-workers/example/src/workers/sensor.ts","requestedFrom":"/Users/ammarahmed/Work/Projects/react-native/react-native-workers/example/src/screens/SensorScreen.tsx"}
{"id":"src/workers/imagefx","absPath":"/Users/ammarahmed/Work/Projects/react-native/react-native-workers/example/src/workers/imagefx.ts","requestedFrom":"/Users/ammarahmed/Work/Projects/react-native/react-native-workers/example/src/screens/ImageFxScreen.tsx"}
{"id":"src/workers/notes","absPath":"/Users/ammarahmed/Work/Projects/react-native/react-native-workers/example/src/workers/notes.ts","requestedFrom":"/Users/ammarahmed/Work/Projects/react-native/react-native-workers/example/src/screens/NotesScreen.tsx"}
{"id":"src/workers/uidemo","absPath":"/Users/ammarahmed/Work/Projects/react-native/react-native-workers/example/src/workers/uidemo.ts","requestedFrom":"/Users/ammarahmed/Work/Projects/react-native/react-native-workers/example/src/screens/UIWorkerDemoScreen.tsx"}
{"id":"src/workers/uidemo","absPath":"/Users/ammarahmed/Work/Projects/react-native/react-native-workers/example/src/workers/uidemo.ts","requestedFrom":"/Users/ammarahmed/Work/Projects/react-native/react-native-workers/example/src/screens/UIWorkerDemoScreen.tsx"}
{"id":"src/workers/search","absPath":"/Users/ammarahmed/Work/Projects/react-native/react-native-workers/example/src/workers/search.ts","requestedFrom":"/Users/ammarahmed/Work/Projects/react-native/react-native-workers/example/src/screens/SearchServiceScreen.tsx"}
{"id":"src/workers/downloads","absPath":"/Users/ammarahmed/Work/Projects/react-native/react-native-workers/example/src/workers/downloads.ts","requestedFrom":"/Users/ammarahmed/Work/Projects/react-native/react-native-workers/example/src/screens/DownloadsScreen.tsx"}
{"id":"src/workers/nativescript","absPath":"/Users/ammarahmed/Work/Projects/react-native/react-native-workers/example/src/workers/nativescript.ts","requestedFrom":"/Users/ammarahmed/Work/Projects/react-native/react-native-workers/example/src/screens/NativeScriptScreen.tsx"}
{"id":"src/workers/imagefx","absPath":"/Users/ammarahmed/Work/Projects/react-native/react-native-workers/example/src/workers/imagefx.ts","requestedFrom":"/Users/ammarahmed/Work/Projects/react-native/react-native-workers/example/src/screens/ImageFxScreen.tsx"}
{"id":"src/workers/nativecomponents","absPath":"/Users/ammarahmed/Work/Projects/react-native/react-native-workers/example/src/workers/nativecomponents.ts","requestedFrom":"/Users/ammarahmed/Work/Projects/react-native/react-native-workers/example/src/screens/NativeComponentScreen.tsx"}
{"id":"src/workers/gzip","absPath":"/Users/ammarahmed/Work/Projects/react-native/react-native-workers/example/src/workers/gzip.ts","requestedFrom":"/Users/ammarahmed/Work/Projects/react-native/react-native-workers/example/src/screens/TestsScreen.tsx"}
{"id":"src/workers/double","absPath":"/Users/ammarahmed/Work/Projects/react-native/react-native-workers/example/src/workers/double.ts","requestedFrom":"/Users/ammarahmed/Work/Projects/react-native/react-native-workers/example/src/screens/TestsScreen.tsx"}
{"id":"src/workers/blobutil","absPath":"/Users/ammarahmed/Work/Projects/react-native/react-native-workers/example/src/workers/blobutil.ts","requestedFrom":"/Users/ammarahmed/Work/Projects/react-native/react-native-workers/example/src/screens/TestsScreen.tsx"}
{"id":"src/workers/blob","absPath":"/Users/ammarahmed/Work/Projects/react-native/react-native-workers/example/src/workers/blob.ts","requestedFrom":"/Users/ammarahmed/Work/Projects/react-native/react-native-workers/example/src/screens/TestsScreen.tsx"}
{"id":"src/workers/mmkv","absPath":"/Users/ammarahmed/Work/Projects/react-native/react-native-workers/example/src/workers/mmkv.ts","requestedFrom":"/Users/ammarahmed/Work/Projects/react-native/react-native-workers/example/src/screens/TestsScreen.tsx"}
{"id":"src/workers/mmkv2","absPath":"/Users/ammarahmed/Work/Projects/react-native/react-native-workers/example/src/workers/mmkv2.ts","requestedFrom":"/Users/ammarahmed/Work/Projects/react-native/react-native-workers/example/src/screens/TestsScreen.tsx"}
{"id":"src/workers/parse","absPath":"/Users/ammarahmed/Work/Projects/react-native/react-native-workers/example/src/workers/parse.ts","requestedFrom":"/Users/ammarahmed/Work/Projects/react-native/react-native-workers/example/src/screens/ParseScreen.tsx"}
{"id":"src/workers/sensor","absPath":"/Users/ammarahmed/Work/Projects/react-native/react-native-workers/example/src/workers/sensor.ts","requestedFrom":"/Users/ammarahmed/Work/Projects/react-native/react-native-workers/example/src/screens/SensorScreen.tsx"}
{"id":"src/workers/search","absPath":"/Users/ammarahmed/Work/Projects/react-native/react-native-workers/example/src/workers/search.ts","requestedFrom":"/Users/ammarahmed/Work/Projects/react-native/react-native-workers/example/src/screens/SearchServiceScreen.tsx"}
{"id":"src/workers/uidemo","absPath":"/Users/ammarahmed/Work/Projects/react-native/react-native-workers/example/src/workers/uidemo.ts","requestedFrom":"/Users/ammarahmed/Work/Projects/react-native/react-native-workers/example/src/screens/UIWorkerDemoScreen.tsx"}
{"id":"src/workers/uidemo","absPath":"/Users/ammarahmed/Work/Projects/react-native/react-native-workers/example/src/workers/uidemo.ts","requestedFrom":"/Users/ammarahmed/Work/Projects/react-native/react-native-workers/example/src/screens/UIWorkerDemoScreen.tsx"}
{"id":"src/workers/nativecomponents","absPath":"/Users/ammarahmed/Work/Projects/react-native/react-native-workers/example/src/workers/nativecomponents.ts","requestedFrom":"/Users/ammarahmed/Work/Projects/react-native/react-native-workers/example/src/screens/NativeComponentScreen.tsx"}
{"id":"src/workers/nativescript","absPath":"/Users/ammarahmed/Work/Projects/react-native/react-native-workers/example/src/workers/nativescript.ts","requestedFrom":"/Users/ammarahmed/Work/Projects/react-native/react-native-workers/example/src/screens/NativeScriptScreen.tsx"}
{"id":"src/workers/notes","absPath":"/Users/ammarahmed/Work/Projects/react-native/react-native-workers/example/src/workers/notes.ts","requestedFrom":"/Users/ammarahmed/Work/Projects/react-native/react-native-workers/example/src/screens/NotesScreen.tsx"}
{"id":"src/workers/downloads","absPath":"/Users/ammarahmed/Work/Projects/react-native/react-native-workers/example/src/workers/downloads.ts","requestedFrom":"/Users/ammarahmed/Work/Projects/react-native/react-native-workers/example/src/screens/DownloadsScreen.tsx"}
{"id":"src/workers/imagefx","absPath":"/Users/ammarahmed/Work/Projects/react-native/react-native-workers/example/src/workers/imagefx.ts","requestedFrom":"/Users/ammarahmed/Work/Projects/react-native/react-native-workers/example/src/screens/ImageFxScreen.tsx"}
{"id":"src/workers/gzip","absPath":"/Users/ammarahmed/Work/Projects/react-native/react-native-workers/example/src/workers/gzip.ts","requestedFrom":"/Users/ammarahmed/Work/Projects/react-native/react-native-workers/example/src/screens/TestsScreen.tsx"}
{"id":"src/workers/double","absPath":"/Users/ammarahmed/Work/Projects/react-native/react-native-workers/example/src/workers/double.ts","requestedFrom":"/Users/ammarahmed/Work/Projects/react-native/react-native-workers/example/src/screens/TestsScreen.tsx"}
{"id":"src/workers/sensor","absPath":"/Users/ammarahmed/Work/Projects/react-native/react-native-workers/example/src/workers/sensor.ts","requestedFrom":"/Users/ammarahmed/Work/Projects/react-native/react-native-workers/example/src/screens/SensorScreen.tsx"}
{"id":"src/workers/blobutil","absPath":"/Users/ammarahmed/Work/Projects/react-native/react-native-workers/example/src/workers/blobutil.ts","requestedFrom":"/Users/ammarahmed/Work/Projects/react-native/react-native-workers/example/src/screens/TestsScreen.tsx"}
{"id":"src/workers/blob","absPath":"/Users/ammarahmed/Work/Projects/react-native/react-native-workers/example/src/workers/blob.ts","requestedFrom":"/Users/ammarahmed/Work/Projects/react-native/react-native-workers/example/src/screens/TestsScreen.tsx"}
{"id":"src/workers/mmkv","absPath":"/Users/ammarahmed/Work/Projects/react-native/react-native-workers/example/src/workers/mmkv.ts","requestedFrom":"/Users/ammarahmed/Work/Projects/react-native/react-native-workers/example/src/screens/TestsScreen.tsx"}
{"id":"src/workers/mmkv2","absPath":"/Users/ammarahmed/Work/Projects/react-native/react-native-workers/example/src/workers/mmkv2.ts","requestedFrom":"/Users/ammarahmed/Work/Projects/react-native/react-native-workers/example/src/screens/TestsScreen.tsx"}
{"id":"src/workers/parse","absPath":"/Users/ammarahmed/Work/Projects/react-native/react-native-workers/example/src/workers/parse.ts","requestedFrom":"/Users/ammarahmed/Work/Projects/react-native/react-native-workers/example/src/screens/ParseScreen.tsx"}
{"id":"src/workers/notes","absPath":"/Users/ammarahmed/Work/Projects/react-native/react-native-workers/example/src/workers/notes.ts","requestedFrom":"/Users/ammarahmed/Work/Projects/react-native/react-native-workers/example/src/screens/NotesScreen.tsx"}
{"id":"src/workers/downloads","absPath":"/Users/ammarahmed/Work/Projects/react-native/react-native-workers/example/src/workers/downloads.ts","requestedFrom":"/Users/ammarahmed/Work/Projects/react-native/react-native-workers/example/src/screens/DownloadsScreen.tsx"}
{"id":"src/workers/parse","absPath":"/Users/ammarahmed/Work/Projects/react-native/react-native-workers/example/src/workers/parse.ts","requestedFrom":"/Users/ammarahmed/Work/Projects/react-native/react-native-workers/example/src/screens/ParseScreen.tsx"}
{"id":"src/workers/sensor","absPath":"/Users/ammarahmed/Work/Projects/react-native/react-native-workers/example/src/workers/sensor.ts","requestedFrom":"/Users/ammarahmed/Work/Projects/react-native/react-native-workers/example/src/screens/SensorScreen.tsx"}
{"id":"src/workers/uidemo","absPath":"/Users/ammarahmed/Work/Projects/react-native/react-native-workers/example/src/workers/uidemo.ts","requestedFrom":"/Users/ammarahmed/Work/Projects/react-native/react-native-workers/example/src/screens/UIWorkerDemoScreen.tsx"}
{"id":"src/workers/uidemo","absPath":"/Users/ammarahmed/Work/Projects/react-native/react-native-workers/example/src/workers/uidemo.ts","requestedFrom":"/Users/ammarahmed/Work/Projects/react-native/react-native-workers/example/src/screens/UIWorkerDemoScreen.tsx"}
{"id":"src/workers/nativescript","absPath":"/Users/ammarahmed/Work/Projects/react-native/react-native-workers/example/src/workers/nativescript.ts","requestedFrom":"/Users/ammarahmed/Work/Projects/react-native/react-native-workers/example/src/screens/NativeScriptScreen.tsx"}
{"id":"src/workers/imagefx","absPath":"/Users/ammarahmed/Work/Projects/react-native/react-native-workers/example/src/workers/imagefx.ts","requestedFrom":"/Users/ammarahmed/Work/Projects/react-native/react-native-workers/example/src/screens/ImageFxScreen.tsx"}
{"id":"src/workers/search","absPath":"/Users/ammarahmed/Work/Projects/react-native/react-native-workers/example/src/workers/search.ts","requestedFrom":"/Users/ammarahmed/Work/Projects/react-native/react-native-workers/example/src/screens/SearchServiceScreen.tsx"}
{"id":"src/workers/nativecomponents","absPath":"/Users/ammarahmed/Work/Projects/react-native/react-native-workers/example/src/workers/nativecomponents.ts","requestedFrom":"/Users/ammarahmed/Work/Projects/react-native/react-native-workers/example/src/screens/NativeComponentScreen.tsx"}
{"id":"src/workers/sensor","absPath":"/Users/ammarahmed/Work/Projects/react-native/react-native-workers/example/src/workers/sensor.ts","requestedFrom":"/Users/ammarahmed/Work/Projects/react-native/react-native-workers/example/src/screens/SensorScreen.tsx"}
{"id":"src/workers/parse","absPath":"/Users/ammarahmed/Work/Projects/react-native/react-native-workers/example/src/workers/parse.ts","requestedFrom":"/Users/ammarahmed/Work/Projects/react-native/react-native-workers/example/src/screens/ParseScreen.tsx"}
{"id":"src/workers/uidemo","absPath":"/Users/ammarahmed/Work/Projects/react-native/react-native-workers/example/src/workers/uidemo.ts","requestedFrom":"/Users/ammarahmed/Work/Projects/react-native/react-native-workers/example/src/screens/UIWorkerDemoScreen.tsx"}
{"id":"src/workers/uidemo","absPath":"/Users/ammarahmed/Work/Projects/react-native/react-native-workers/example/src/workers/uidemo.ts","requestedFrom":"/Users/ammarahmed/Work/Projects/react-native/react-native-workers/example/src/screens/UIWorkerDemoScreen.tsx"}
{"id":"src/workers/nativescript","absPath":"/Users/ammarahmed/Work/Projects/react-native/react-native-workers/example/src/workers/nativescript.ts","requestedFrom":"/Users/ammarahmed/Work/Projects/react-native/react-native-workers/example/src/screens/NativeScriptScreen.tsx"}
{"id":"src/workers/imagefx","absPath":"/Users/ammarahmed/Work/Projects/react-native/react-native-workers/example/src/workers/imagefx.ts","requestedFrom":"/Users/ammarahmed/Work/Projects/react-native/react-native-workers/example/src/screens/ImageFxScreen.tsx"}
{"id":"src/workers/notes","absPath":"/Users/ammarahmed/Work/Projects/react-native/react-native-workers/example/src/workers/notes.ts","requestedFrom":"/Users/ammarahmed/Work/Projects/react-native/react-native-workers/example/src/screens/NotesScreen.tsx"}
{"id":"src/workers/downloads","absPath":"/Users/ammarahmed/Work/Projects/react-native/react-native-workers/example/src/workers/downloads.ts","requestedFrom":"/Users/ammarahmed/Work/Projects/react-native/react-native-workers/example/src/screens/DownloadsScreen.tsx"}
{"id":"src/workers/search","absPath":"/Users/ammarahmed/Work/Projects/react-native/react-native-workers/example/src/workers/search.ts","requestedFrom":"/Users/ammarahmed/Work/Projects/react-native/react-native-workers/example/src/screens/SearchServiceScreen.tsx"}
{"id":"src/workers/nativecomponents","absPath":"/Users/ammarahmed/Work/Projects/react-native/react-native-workers/example/src/workers/nativecomponents.ts","requestedFrom":"/Users/ammarahmed/Work/Projects/react-native/react-native-workers/example/src/screens/NativeComponentScreen.tsx"}
{"id":"src/workers/gzip","absPath":"/Users/ammarahmed/Work/Projects/react-native/react-native-workers/example/src/workers/gzip.ts","requestedFrom":"/Users/ammarahmed/Work/Projects/react-native/react-native-workers/example/src/screens/TestsScreen.tsx"}
{"id":"src/workers/double","absPath":"/Users/ammarahmed/Work/Projects/react-native/react-native-workers/example/src/workers/double.ts","requestedFrom":"/Users/ammarahmed/Work/Projects/react-native/react-native-workers/example/src/screens/TestsScreen.tsx"}
{"id":"src/workers/blobutil","absPath":"/Users/ammarahmed/Work/Projects/react-native/react-native-workers/example/src/workers/blobutil.ts","requestedFrom":"/Users/ammarahmed/Work/Projects/react-native/react-native-workers/example/src/screens/TestsScreen.tsx"}
{"id":"src/workers/blob","absPath":"/Users/ammarahmed/Work/Projects/react-native/react-native-workers/example/src/workers/blob.ts","requestedFrom":"/Users/ammarahmed/Work/Projects/react-native/react-native-workers/example/src/screens/TestsScreen.tsx"}
{"id":"src/workers/mmkv","absPath":"/Users/ammarahmed/Work/Projects/react-native/react-native-workers/example/src/workers/mmkv.ts","requestedFrom":"/Users/ammarahmed/Work/Projects/react-native/react-native-workers/example/src/screens/TestsScreen.tsx"}
{"id":"src/workers/mmkv2","absPath":"/Users/ammarahmed/Work/Projects/react-native/react-native-workers/example/src/workers/mmkv2.ts","requestedFrom":"/Users/ammarahmed/Work/Projects/react-native/react-native-workers/example/src/screens/TestsScreen.tsx"}
{"id":"src/workers/nativecomponents","absPath":"/Users/ammarahmed/Work/Projects/react-native/react-native-workers/example/src/workers/nativecomponents.ts","requestedFrom":"/Users/ammarahmed/Work/Projects/react-native/react-native-workers/example/src/screens/NativeComponentScreen.tsx"}
{"id":"src/workers/nativecomponents","absPath":"/Users/ammarahmed/Work/Projects/react-native/react-native-workers/example/src/workers/nativecomponents.ts","requestedFrom":"/Users/ammarahmed/Work/Projects/react-native/react-native-workers/example/src/screens/NativeComponentScreen.tsx"}
{"id":"src/workers/nativecomponents","absPath":"/Users/ammarahmed/Work/Projects/react-native/react-native-workers/example/src/workers/nativecomponents.ts","requestedFrom":"/Users/ammarahmed/Work/Projects/react-native/react-native-workers/example/src/screens/NativeComponentScreen.tsx"}
{"id":"src/workers/nativecomponents","absPath":"/Users/ammarahmed/Work/Projects/react-native/react-native-workers/example/src/workers/nativecomponents.ts","requestedFrom":"/Users/ammarahmed/Work/Projects/react-native/react-native-workers/example/src/screens/NativeComponentScreen.tsx"}
{"id":"src/workers/nativecomponents","absPath":"/Users/ammarahmed/Work/Projects/react-native/react-native-workers/example/src/workers/nativecomponents.ts","requestedFrom":"/Users/ammarahmed/Work/Projects/react-native/react-native-workers/example/src/screens/NativeComponentScreen.tsx"}
{"id":"src/workers/nativecomponents","absPath":"/Users/ammarahmed/Work/Projects/react-native/react-native-workers/example/src/workers/nativecomponents.ts","requestedFrom":"/Users/ammarahmed/Work/Projects/react-native/react-native-workers/example/src/screens/NativeComponentScreen.tsx"}
{"id":"src/workers/nativecomponents","absPath":"/Users/ammarahmed/Work/Projects/react-native/react-native-workers/example/src/workers/nativecomponents.ts","requestedFrom":"/Users/ammarahmed/Work/Projects/react-native/react-native-workers/example/src/screens/NativeComponentScreen.tsx"}
{"id":"src/workers/nativecomponents","absPath":"/Users/ammarahmed/Work/Projects/react-native/react-native-workers/example/src/workers/nativecomponents.ts","requestedFrom":"/Users/ammarahmed/Work/Projects/react-native/react-native-workers/example/src/screens/NativeComponentScreen.tsx"}
{"id":"src/workers/nativecomponents","absPath":"/Users/ammarahmed/Work/Projects/react-native/react-native-workers/example/src/workers/nativecomponents.ts","requestedFrom":"/Users/ammarahmed/Work/Projects/react-native/react-native-workers/example/src/screens/NativeComponentScreen.tsx"}
{"id":"src/workers/nativecomponents","absPath":"/Users/ammarahmed/Work/Projects/react-native/react-native-workers/example/src/workers/nativecomponents.ts","requestedFrom":"/Users/ammarahmed/Work/Projects/react-native/react-native-workers/example/src/screens/NativeComponentScreen.tsx"}
{"id":"src/workers/nativecomponents","absPath":"/Users/ammarahmed/Work/Projects/react-native/react-native-workers/example/src/workers/nativecomponents.ts","requestedFrom":"/Users/ammarahmed/Work/Projects/react-native/react-native-workers/example/src/screens/NativeComponentScreen.tsx"}
{"id":"src/workers/nativecomponents","absPath":"/Users/ammarahmed/Work/Projects/react-native/react-native-workers/example/src/workers/nativecomponents.ts","requestedFrom":"/Users/ammarahmed/Work/Projects/react-native/react-native-workers/example/src/screens/NativeComponentScreen.tsx"}
{"id":"src/workers/nativecomponents","absPath":"/Users/ammarahmed/Work/Projects/react-native/react-native-workers/example/src/workers/nativecomponents.ts","requestedFrom":"/Users/ammarahmed/Work/Projects/react-native/react-native-workers/example/src/screens/NativeComponentScreen.tsx"}
{"id":"src/workers/nativecomponents","absPath":"/Users/ammarahmed/Work/Projects/react-native/react-native-workers/example/src/workers/nativecomponents.ts","requestedFrom":"/Users/ammarahmed/Work/Projects/react-native/react-native-workers/example/src/screens/NativeComponentScreen.tsx"}
{"id":"src/workers/nativecomponents","absPath":"/Users/ammarahmed/Work/Projects/react-native/react-native-workers/example/src/workers/nativecomponents.ts","requestedFrom":"/Users/ammarahmed/Work/Projects/react-native/react-native-workers/example/src/screens/NativeComponentScreen.tsx"}
{"id":"src/workers/nativecomponents","absPath":"/Users/ammarahmed/Work/Projects/react-native/react-native-workers/example/src/workers/nativecomponents.ts","requestedFrom":"/Users/ammarahmed/Work/Projects/react-native/react-native-workers/example/src/screens/NativeComponentScreen.tsx"}
{"id":"src/workers/nativecomponents","absPath":"/Users/ammarahmed/Work/Projects/react-native/react-native-workers/example/src/workers/nativecomponents.ts","requestedFrom":"/Users/ammarahmed/Work/Projects/react-native/react-native-workers/example/src/screens/NativeComponentScreen.tsx"}
{"id":"src/workers/nativecomponents","absPath":"/Users/ammarahmed/Work/Projects/react-native/react-native-workers/example/src/workers/nativecomponents.ts","requestedFrom":"/Users/ammarahmed/Work/Projects/react-native/react-native-workers/example/src/screens/NativeComponentScreen.tsx"}
{"id":"src/workers/nativecomponents","absPath":"/Users/ammarahmed/Work/Projects/react-native/react-native-workers/example/src/workers/nativecomponents.ts","requestedFrom":"/Users/ammarahmed/Work/Projects/react-native/react-native-workers/example/src/screens/NativeComponentScreen.tsx"}
{"id":"src/workers/imagefx","absPath":"/Users/ammarahmed/Work/Projects/react-native/react-native-workers/example/src/workers/imagefx.ts","requestedFrom":"/Users/ammarahmed/Work/Projects/react-native/react-native-workers/example/src/screens/ImageFxScreen.tsx"}
{"id":"src/workers/uidemo","absPath":"/Users/ammarahmed/Work/Projects/react-native/react-native-workers/example/src/workers/uidemo.ts","requestedFrom":"/Users/ammarahmed/Work/Projects/react-native/react-native-workers/example/src/screens/UIWorkerDemoScreen.tsx"}
{"id":"src/workers/uidemo","absPath":"/Users/ammarahmed/Work/Projects/react-native/react-native-workers/example/src/workers/uidemo.ts","requestedFrom":"/Users/ammarahmed/Work/Projects/react-native/react-native-workers/example/src/screens/UIWorkerDemoScreen.tsx"}
{"id":"src/workers/gzip","absPath":"/Users/ammarahmed/Work/Projects/react-native/react-native-workers/example/src/workers/gzip.ts","requestedFrom":"/Users/ammarahmed/Work/Projects/react-native/react-native-workers/example/src/screens/TestsScreen.tsx"}
{"id":"src/workers/double","absPath":"/Users/ammarahmed/Work/Projects/react-native/react-native-workers/example/src/workers/double.ts","requestedFrom":"/Users/ammarahmed/Work/Projects/react-native/react-native-workers/example/src/screens/TestsScreen.tsx"}
{"id":"src/workers/blobutil","absPath":"/Users/ammarahmed/Work/Projects/react-native/react-native-workers/example/src/workers/blobutil.ts","requestedFrom":"/Users/ammarahmed/Work/Projects/react-native/react-native-workers/example/src/screens/TestsScreen.tsx"}
{"id":"src/workers/blob","absPath":"/Users/ammarahmed/Work/Projects/react-native/react-native-workers/example/src/workers/blob.ts","requestedFrom":"/Users/ammarahmed/Work/Projects/react-native/react-native-workers/example/src/screens/TestsScreen.tsx"}
{"id":"src/workers/mmkv","absPath":"/Users/ammarahmed/Work/Projects/react-native/react-native-workers/example/src/workers/mmkv.ts","requestedFrom":"/Users/ammarahmed/Work/Projects/react-native/react-native-workers/example/src/screens/TestsScreen.tsx"}
{"id":"src/workers/mmkv2","absPath":"/Users/ammarahmed/Work/Projects/react-native/react-native-workers/example/src/workers/mmkv2.ts","requestedFrom":"/Users/ammarahmed/Work/Projects/react-native/react-native-workers/example/src/screens/TestsScreen.tsx"}
{"id":"src/workers/nativescript","absPath":"/Users/ammarahmed/Work/Projects/react-native/react-native-workers/example/src/workers/nativescript.ts","requestedFrom":"/Users/ammarahmed/Work/Projects/react-native/react-native-workers/example/src/screens/NativeScriptScreen.tsx"}
{"id":"src/workers/search","absPath":"/Users/ammarahmed/Work/Projects/react-native/react-native-workers/example/src/workers/search.ts","requestedFrom":"/Users/ammarahmed/Work/Projects/react-native/react-native-workers/example/src/screens/SearchServiceScreen.tsx"}
{"id":"src/workers/sensor","absPath":"/Users/ammarahmed/Work/Projects/react-native/react-native-workers/example/src/workers/sensor.ts","requestedFrom":"/Users/ammarahmed/Work/Projects/react-native/react-native-workers/example/src/screens/SensorScreen.tsx"}
{"id":"src/workers/downloads","absPath":"/Users/ammarahmed/Work/Projects/react-native/react-native-workers/example/src/workers/downloads.ts","requestedFrom":"/Users/ammarahmed/Work/Projects/react-native/react-native-workers/example/src/screens/DownloadsScreen.tsx"}
{"id":"src/workers/nativecomponents","absPath":"/Users/ammarahmed/Work/Projects/react-native/react-native-workers/example/src/workers/nativecomponents.ts","requestedFrom":"/Users/ammarahmed/Work/Projects/react-native/react-native-workers/example/src/screens/NativeComponentScreen.tsx"}
{"id":"src/workers/notes","absPath":"/Users/ammarahmed/Work/Projects/react-native/react-native-workers/example/src/workers/notes.ts","requestedFrom":"/Users/ammarahmed/Work/Projects/react-native/react-native-workers/example/src/screens/NotesScreen.tsx"}
{"id":"src/workers/parse","absPath":"/Users/ammarahmed/Work/Projects/react-native/react-native-workers/example/src/workers/parse.ts","requestedFrom":"/Users/ammarahmed/Work/Projects/react-native/react-native-workers/example/src/screens/ParseScreen.tsx"}
{"id":"src/workers/notes","absPath":"/Users/ammarahmed/Work/Projects/react-native/react-native-workers/example/src/workers/notes.ts","requestedFrom":"/Users/ammarahmed/Work/Projects/react-native/react-native-workers/example/src/screens/NotesScreen.tsx"}
{"id":"src/workers/search","absPath":"/Users/ammarahmed/Work/Projects/react-native/react-native-workers/example/src/workers/search.ts","requestedFrom":"/Users/ammarahmed/Work/Projects/react-native/react-native-workers/example/src/screens/SearchServiceScreen.tsx"}
{"id":"src/workers/uidemo","absPath":"/Users/ammarahmed/Work/Projects/react-native/react-native-workers/example/src/workers/uidemo.ts","requestedFrom":"/Users/ammarahmed/Work/Projects/react-native/react-native-workers/example/src/screens/UIWorkerDemoScreen.tsx"}
{"id":"src/workers/uidemo","absPath":"/Users/ammarahmed/Work/Projects/react-native/react-native-workers/example/src/workers/uidemo.ts","requestedFrom":"/Users/ammarahmed/Work/Projects/react-native/react-native-workers/example/src/screens/UIWorkerDemoScreen.tsx"}
{"id":"src/workers/nativescript","absPath":"/Users/ammarahmed/Work/Projects/react-native/react-native-workers/example/src/workers/nativescript.ts","requestedFrom":"/Users/ammarahmed/Work/Projects/react-native/react-native-workers/example/src/screens/NativeScriptScreen.tsx"}
{"id":"src/workers/gzip","absPath":"/Users/ammarahmed/Work/Projects/react-native/react-native-workers/example/src/workers/gzip.ts","requestedFrom":"/Users/ammarahmed/Work/Projects/react-native/react-native-workers/example/src/screens/TestsScreen.tsx"}
{"id":"src/workers/nativecomponents","absPath":"/Users/ammarahmed/Work/Projects/react-native/react-native-workers/example/src/workers/nativecomponents.ts","requestedFrom":"/Users/ammarahmed/Work/Projects/react-native/react-native-workers/example/src/screens/NativeComponentScreen.tsx"}
{"id":"src/workers/double","absPath":"/Users/ammarahmed/Work/Projects/react-native/react-native-workers/example/src/workers/double.ts","requestedFrom":"/Users/ammarahmed/Work/Projects/react-native/react-native-workers/example/src/screens/TestsScreen.tsx"}
{"id":"src/workers/blobutil","absPath":"/Users/ammarahmed/Work/Projects/react-native/react-native-workers/example/src/workers/blobutil.ts","requestedFrom":"/Users/ammarahmed/Work/Projects/react-native/react-native-workers/example/src/screens/TestsScreen.tsx"}
{"id":"src/workers/blob","absPath":"/Users/ammarahmed/Work/Projects/react-native/react-native-workers/example/src/workers/blob.ts","requestedFrom":"/Users/ammarahmed/Work/Projects/react-native/react-native-workers/example/src/screens/TestsScreen.tsx"}
{"id":"src/workers/mmkv","absPath":"/Users/ammarahmed/Work/Projects/react-native/react-native-workers/example/src/workers/mmkv.ts","requestedFrom":"/Users/ammarahmed/Work/Projects/react-native/react-native-workers/example/src/screens/TestsScreen.tsx"}
{"id":"src/workers/mmkv2","absPath":"/Users/ammarahmed/Work/Projects/react-native/react-native-workers/example/src/workers/mmkv2.ts","requestedFrom":"/Users/ammarahmed/Work/Projects/react-native/react-native-workers/example/src/screens/TestsScreen.tsx"}
{"id":"src/workers/downloads","absPath":"/Users/ammarahmed/Work/Projects/react-native/react-native-workers/example/src/workers/downloads.ts","requestedFrom":"/Users/ammarahmed/Work/Projects/react-native/react-native-workers/example/src/screens/DownloadsScreen.tsx"}
{"id":"src/workers/imagefx","absPath":"/Users/ammarahmed/Work/Projects/react-native/react-native-workers/example/src/workers/imagefx.ts","requestedFrom":"/Users/ammarahmed/Work/Projects/react-native/react-native-workers/example/src/screens/ImageFxScreen.tsx"}
{"id":"src/workers/parse","absPath":"/Users/ammarahmed/Work/Projects/react-native/react-native-workers/example/src/workers/parse.ts","requestedFrom":"/Users/ammarahmed/Work/Projects/react-native/react-native-workers/example/src/screens/ParseScreen.tsx"}
{"id":"src/workers/sensor","absPath":"/Users/ammarahmed/Work/Projects/react-native/react-native-workers/example/src/workers/sensor.ts","requestedFrom":"/Users/ammarahmed/Work/Projects/react-native/react-native-workers/example/src/screens/SensorScreen.tsx"}
{"id":"src/workers/uidemo","absPath":"/Users/ammarahmed/Work/Projects/react-native/react-native-workers/example/src/workers/uidemo.ts","requestedFrom":"/Users/ammarahmed/Work/Projects/react-native/react-native-workers/example/src/screens/UIWorkerDemoScreen.tsx"}
{"id":"src/workers/nativescript","absPath":"/Users/ammarahmed/Work/Projects/react-native/react-native-workers/example/src/workers/nativescript.ts","requestedFrom":"/Users/ammarahmed/Work/Projects/react-native/react-native-workers/example/src/screens/NativeScriptScreen.tsx"}
{"id":"src/workers/uidemo","absPath":"/Users/ammarahmed/Work/Projects/react-native/react-native-workers/example/src/workers/uidemo.ts","requestedFrom":"/Users/ammarahmed/Work/Projects/react-native/react-native-workers/example/src/screens/UIWorkerDemoScreen.tsx"}
{"id":"src/workers/notes","absPath":"/Users/ammarahmed/Work/Projects/react-native/react-native-workers/example/src/workers/notes.ts","requestedFrom":"/Users/ammarahmed/Work/Projects/react-native/react-native-workers/example/src/screens/NotesScreen.tsx"}
{"id":"src/workers/downloads","absPath":"/Users/ammarahmed/Work/Projects/react-native/react-native-workers/example/src/workers/downloads.ts","requestedFrom":"/Users/ammarahmed/Work/Projects/react-native/react-native-workers/example/src/screens/DownloadsScreen.tsx"}
{"id":"src/workers/search","absPath":"/Users/ammarahmed/Work/Projects/react-native/react-native-workers/example/src/workers/search.ts","requestedFrom":"/Users/ammarahmed/Work/Projects/react-native/react-native-workers/example/src/screens/SearchServiceScreen.tsx"}
{"id":"src/workers/nativecomponents","absPath":"/Users/ammarahmed/Work/Projects/react-native/react-native-workers/example/src/workers/nativecomponents.ts","requestedFrom":"/Users/ammarahmed/Work/Projects/react-native/react-native-workers/example/src/screens/NativeComponentScreen.tsx"}
{"id":"src/workers/gzip","absPath":"/Users/ammarahmed/Work/Projects/react-native/react-native-workers/example/src/workers/gzip.ts","requestedFrom":"/Users/ammarahmed/Work/Projects/react-native/react-native-workers/example/src/screens/TestsScreen.tsx"}
{"id":"src/workers/double","absPath":"/Users/ammarahmed/Work/Projects/react-native/react-native-workers/example/src/workers/double.ts","requestedFrom":"/Users/ammarahmed/Work/Projects/react-native/react-native-workers/example/src/screens/TestsScreen.tsx"}
{"id":"src/workers/blobutil","absPath":"/Users/ammarahmed/Work/Projects/react-native/react-native-workers/example/src/workers/blobutil.ts","requestedFrom":"/Users/ammarahmed/Work/Projects/react-native/react-native-workers/example/src/screens/TestsScreen.tsx"}
{"id":"src/workers/blob","absPath":"/Users/ammarahmed/Work/Projects/react-native/react-native-workers/example/src/workers/blob.ts","requestedFrom":"/Users/ammarahmed/Work/Projects/react-native/react-native-workers/example/src/screens/TestsScreen.tsx"}
{"id":"src/workers/mmkv","absPath":"/Users/ammarahmed/Work/Projects/react-native/react-native-workers/example/src/workers/mmkv.ts","requestedFrom":"/Users/ammarahmed/Work/Projects/react-native/react-native-workers/example/src/screens/TestsScreen.tsx"}
{"id":"src/workers/mmkv2","absPath":"/Users/ammarahmed/Work/Projects/react-native/react-native-workers/example/src/workers/mmkv2.ts","requestedFrom":"/Users/ammarahmed/Work/Projects/react-native/react-native-workers/example/src/screens/TestsScreen.tsx"}
{"id":"src/workers/parse","absPath":"/Users/ammarahmed/Work/Projects/react-native/react-native-workers/example/src/workers/parse.ts","requestedFrom":"/Users/ammarahmed/Work/Projects/react-native/react-native-workers/example/src/screens/ParseScreen.tsx"}
{"id":"src/workers/imagefx","absPath":"/Users/ammarahmed/Work/Projects/react-native/react-native-workers/example/src/workers/imagefx.ts","requestedFrom":"/Users/ammarahmed/Work/Projects/react-native/react-native-workers/example/src/screens/ImageFxScreen.tsx"}
{"id":"src/workers/sensor","absPath":"/Users/ammarahmed/Work/Projects/react-native/react-native-workers/example/src/workers/sensor.ts","requestedFrom":"/Users/ammarahmed/Work/Projects/react-native/react-native-workers/example/src/screens/SensorScreen.tsx"}
{"id":"src/workers/uidemo","absPath":"/Users/ammarahmed/Work/Projects/react-native/react-native-workers/example/src/workers/uidemo.ts","requestedFrom":"/Users/ammarahmed/Work/Projects/react-native/react-native-workers/example/src/screens/UIWorkerDemoScreen.tsx"}
{"id":"src/workers/uidemo","absPath":"/Users/ammarahmed/Work/Projects/react-native/react-native-workers/example/src/workers/uidemo.ts","requestedFrom":"/Users/ammarahmed/Work/Projects/react-native/react-native-workers/example/src/screens/UIWorkerDemoScreen.tsx"}
{"id":"src/workers/search","absPath":"/Users/ammarahmed/Work/Projects/react-native/react-native-workers/example/src/workers/search.ts","requestedFrom":"/Users/ammarahmed/Work/Projects/react-native/react-native-workers/example/src/screens/SearchServiceScreen.tsx"}
{"id":"src/workers/nativecomponents","absPath":"/Users/ammarahmed/Work/Projects/react-native/react-native-workers/example/src/workers/nativecomponents.ts","requestedFrom":"/Users/ammarahmed/Work/Projects/react-native/react-native-workers/example/src/screens/NativeComponentScreen.tsx"}
{"id":"src/workers/notes","absPath":"/Users/ammarahmed/Work/Projects/react-native/react-native-workers/example/src/workers/notes.ts","requestedFrom":"/Users/ammarahmed/Work/Projects/react-native/react-native-workers/example/src/screens/NotesScreen.tsx"}
{"id":"src/workers/gzip","absPath":"/Users/ammarahmed/Work/Projects/react-native/react-native-workers/example/src/workers/gzip.ts","requestedFrom":"/Users/ammarahmed/Work/Projects/react-native/react-native-workers/example/src/screens/TestsScreen.tsx"}
{"id":"src/workers/double","absPath":"/Users/ammarahmed/Work/Projects/react-native/react-native-workers/example/src/workers/double.ts","requestedFrom":"/Users/ammarahmed/Work/Projects/react-native/react-native-workers/example/src/screens/TestsScreen.tsx"}
{"id":"src/workers/blobutil","absPath":"/Users/ammarahmed/Work/Projects/react-native/react-native-workers/example/src/workers/blobutil.ts","requestedFrom":"/Users/ammarahmed/Work/Projects/react-native/react-native-workers/example/src/screens/TestsScreen.tsx"}
{"id":"src/workers/blob","absPath":"/Users/ammarahmed/Work/Projects/react-native/react-native-workers/example/src/workers/blob.ts","requestedFrom":"/Users/ammarahmed/Work/Projects/react-native/react-native-workers/example/src/screens/TestsScreen.tsx"}
{"id":"src/workers/mmkv","absPath":"/Users/ammarahmed/Work/Projects/react-native/react-native-workers/example/src/workers/mmkv.ts","requestedFrom":"/Users/ammarahmed/Work/Projects/react-native/react-native-workers/example/src/screens/TestsScreen.tsx"}
{"id":"src/workers/mmkv2","absPath":"/Users/ammarahmed/Work/Projects/react-native/react-native-workers/example/src/workers/mmkv2.ts","requestedFrom":"/Users/ammarahmed/Work/Projects/react-native/react-native-workers/example/src/screens/TestsScreen.tsx"}
{"id":"src/workers/nativescript","absPath":"/Users/ammarahmed/Work/Projects/react-native/react-native-workers/example/src/workers/nativescript.ts","requestedFrom":"/Users/ammarahmed/Work/Projects/react-native/react-native-workers/example/src/screens/NativeScriptScreen.tsx"}
{"id":"src/workers/downloads","absPath":"/Users/ammarahmed/Work/Projects/react-native/react-native-workers/example/src/workers/downloads.ts","requestedFrom":"/Users/ammarahmed/Work/Projects/react-native/react-native-workers/example/src/screens/DownloadsScreen.tsx"}
{"id":"src/workers/imagefx","absPath":"/Users/ammarahmed/Work/Projects/react-native/react-native-workers/example/src/workers/imagefx.ts","requestedFrom":"/Users/ammarahmed/Work/Projects/react-native/react-native-workers/example/src/screens/ImageFxScreen.tsx"}
{"id":"src/workers/sensor","absPath":"/Users/ammarahmed/Work/Projects/react-native/react-native-workers/example/src/workers/sensor.ts","requestedFrom":"/Users/ammarahmed/Work/Projects/react-native/react-native-workers/example/src/screens/SensorScreen.tsx"}
{"id":"src/workers/parse","absPath":"/Users/ammarahmed/Work/Projects/react-native/react-native-workers/example/src/workers/parse.ts","requestedFrom":"/Users/ammarahmed/Work/Projects/react-native/react-native-workers/example/src/screens/ParseScreen.tsx"}
{"id":"src/workers/gzip","absPath":"/Users/ammarahmed/Work/Projects/react-native/react-native-workers/example/src/workers/gzip.ts","requestedFrom":"/Users/ammarahmed/Work/Projects/react-native/react-native-workers/example/src/screens/TestsScreen.tsx"}
{"id":"src/workers/double","absPath":"/Users/ammarahmed/Work/Projects/react-native/react-native-workers/example/src/workers/double.ts","requestedFrom":"/Users/ammarahmed/Work/Projects/react-native/react-native-workers/example/src/screens/TestsScreen.tsx"}
{"id":"src/workers/blobutil","absPath":"/Users/ammarahmed/Work/Projects/react-native/react-native-workers/example/src/workers/blobutil.ts","requestedFrom":"/Users/ammarahmed/Work/Projects/react-native/react-native-workers/example/src/screens/TestsScreen.tsx"}
{"id":"src/workers/blob","absPath":"/Users/ammarahmed/Work/Projects/react-native/react-native-workers/example/src/workers/blob.ts","requestedFrom":"/Users/ammarahmed/Work/Projects/react-native/react-native-workers/example/src/screens/TestsScreen.tsx"}
{"id":"src/workers/mmkv","absPath":"/Users/ammarahmed/Work/Projects/react-native/react-native-workers/example/src/workers/mmkv.ts","requestedFrom":"/Users/ammarahmed/Work/Projects/react-native/react-native-workers/example/src/screens/TestsScreen.tsx"}
{"id":"src/workers/mmkv2","absPath":"/Users/ammarahmed/Work/Projects/react-native/react-native-workers/example/src/workers/mmkv2.ts","requestedFrom":"/Users/ammarahmed/Work/Projects/react-native/react-native-workers/example/src/screens/TestsScreen.tsx"}
{"id":"src/workers/nativescript","absPath":"/Users/ammarahmed/Work/Projects/react-native/react-native-workers/example/src/workers/nativescript.ts","requestedFrom":"/Users/ammarahmed/Work/Projects/react-native/react-native-workers/example/src/screens/NativeScriptScreen.tsx"}
{"id":"src/workers/imagefx","absPath":"/Users/ammarahmed/Work/Projects/react-native/react-native-workers/example/src/workers/imagefx.ts","requestedFrom":"/Users/ammarahmed/Work/Projects/react-native/react-native-workers/example/src/screens/ImageFxScreen.tsx"}
{"id":"src/workers/search","absPath":"/Users/ammarahmed/Work/Projects/react-native/react-native-workers/example/src/workers/search.ts","requestedFrom":"/Users/ammarahmed/Work/Projects/react-native/react-native-workers/example/src/screens/SearchServiceScreen.tsx"}
{"id":"src/workers/sensor","absPath":"/Users/ammarahmed/Work/Projects/react-native/react-native-workers/example/src/workers/sensor.ts","requestedFrom":"/Users/ammarahmed/Work/Projects/react-native/react-native-workers/example/src/screens/SensorScreen.tsx"}
{"id":"src/workers/downloads","absPath":"/Users/ammarahmed/Work/Projects/react-native/react-native-workers/example/src/workers/downloads.ts","requestedFrom":"/Users/ammarahmed/Work/Projects/react-native/react-native-workers/example/src/screens/DownloadsScreen.tsx"}
{"id":"src/workers/notes","absPath":"/Users/ammarahmed/Work/Projects/react-native/react-native-workers/example/src/workers/notes.ts","requestedFrom":"/Users/ammarahmed/Work/Projects/react-native/react-native-workers/example/src/screens/NotesScreen.tsx"}
{"id":"src/workers/nativecomponents","absPath":"/Users/ammarahmed/Work/Projects/react-native/react-native-workers/example/src/workers/nativecomponents.ts","requestedFrom":"/Users/ammarahmed/Work/Projects/react-native/react-native-workers/example/src/screens/NativeComponentScreen.tsx"}
{"id":"src/workers/parse","absPath":"/Users/ammarahmed/Work/Projects/react-native/react-native-workers/example/src/workers/parse.ts","requestedFrom":"/Users/ammarahmed/Work/Projects/react-native/react-native-workers/example/src/screens/ParseScreen.tsx"}
{"id":"src/workers/uidemo","absPath":"/Users/ammarahmed/Work/Projects/react-native/react-native-workers/example/src/workers/uidemo.ts","requestedFrom":"/Users/ammarahmed/Work/Projects/react-native/react-native-workers/example/src/screens/UIWorkerDemoScreen.tsx"}
{"id":"src/workers/uidemo","absPath":"/Users/ammarahmed/Work/Projects/react-native/react-native-workers/example/src/workers/uidemo.ts","requestedFrom":"/Users/ammarahmed/Work/Projects/react-native/react-native-workers/example/src/screens/UIWorkerDemoScreen.tsx"}
{"id":"src/workers/uidemo","absPath":"/Users/ammarahmed/Work/Projects/react-native/react-native-workers/example/src/workers/uidemo.ts","requestedFrom":"/Users/ammarahmed/Work/Projects/react-native/react-native-workers/example/src/screens/UIWorkerDemoScreen.tsx"}
{"id":"src/workers/uidemo","absPath":"/Users/ammarahmed/Work/Projects/react-native/react-native-workers/example/src/workers/uidemo.ts","requestedFrom":"/Users/ammarahmed/Work/Projects/react-native/react-native-workers/example/src/screens/UIWorkerDemoScreen.tsx"}
{"id":"src/workers/nativescript","absPath":"/Users/ammarahmed/Work/Projects/react-native/react-native-workers/example/src/workers/nativescript.ts","requestedFrom":"/Users/ammarahmed/Work/Projects/react-native/react-native-workers/example/src/screens/NativeScriptScreen.tsx"}
{"id":"src/workers/nativecomponents","absPath":"/Users/ammarahmed/Work/Projects/react-native/react-native-workers/example/src/workers/nativecomponents.ts","requestedFrom":"/Users/ammarahmed/Work/Projects/react-native/react-native-workers/example/src/screens/NativeComponentScreen.tsx"}
{"id":"src/workers/notes","absPath":"/Users/ammarahmed/Work/Projects/react-native/react-native-workers/example/src/workers/notes.ts","requestedFrom":"/Users/ammarahmed/Work/Projects/react-native/react-native-workers/example/src/screens/NotesScreen.tsx"}
{"id":"src/workers/downloads","absPath":"/Users/ammarahmed/Work/Projects/react-native/react-native-workers/example/src/workers/downloads.ts","requestedFrom":"/Users/ammarahmed/Work/Projects/react-native/react-native-workers/example/src/screens/DownloadsScreen.tsx"}
{"id":"src/workers/search","absPath":"/Users/ammarahmed/Work/Projects/react-native/react-native-workers/example/src/workers/search.ts","requestedFrom":"/Users/ammarahmed/Work/Projects/react-native/react-native-workers/example/src/screens/SearchServiceScreen.tsx"}
{"id":"src/workers/sensor","absPath":"/Users/ammarahmed/Work/Projects/react-native/react-native-workers/example/src/workers/sensor.ts","requestedFrom":"/Users/ammarahmed/Work/Projects/react-native/react-native-workers/example/src/screens/SensorScreen.tsx"}
{"id":"src/workers/gzip","absPath":"/Users/ammarahmed/Work/Projects/react-native/react-native-workers/example/src/workers/gzip.ts","requestedFrom":"/Users/ammarahmed/Work/Projects/react-native/react-native-workers/example/src/screens/TestsScreen.tsx"}
{"id":"src/workers/double","absPath":"/Users/ammarahmed/Work/Projects/react-native/react-native-workers/example/src/workers/double.ts","requestedFrom":"/Users/ammarahmed/Work/Projects/react-native/react-native-workers/example/src/screens/TestsScreen.tsx"}
{"id":"src/workers/blobutil","absPath":"/Users/ammarahmed/Work/Projects/react-native/react-native-workers/example/src/workers/blobutil.ts","requestedFrom":"/Users/ammarahmed/Work/Projects/react-native/react-native-workers/example/src/screens/TestsScreen.tsx"}
{"id":"src/workers/imagefx","absPath":"/Users/ammarahmed/Work/Projects/react-native/react-native-workers/example/src/workers/imagefx.ts","requestedFrom":"/Users/ammarahmed/Work/Projects/react-native/react-native-workers/example/src/screens/ImageFxScreen.tsx"}
{"id":"src/workers/blob","absPath":"/Users/ammarahmed/Work/Projects/react-native/react-native-workers/example/src/workers/blob.ts","requestedFrom":"/Users/ammarahmed/Work/Projects/react-native/react-native-workers/example/src/screens/TestsScreen.tsx"}
{"id":"src/workers/mmkv","absPath":"/Users/ammarahmed/Work/Projects/react-native/react-native-workers/example/src/workers/mmkv.ts","requestedFrom":"/Users/ammarahmed/Work/Projects/react-native/react-native-workers/example/src/screens/TestsScreen.tsx"}
{"id":"src/workers/mmkv2","absPath":"/Users/ammarahmed/Work/Projects/react-native/react-native-workers/example/src/workers/mmkv2.ts","requestedFrom":"/Users/ammarahmed/Work/Projects/react-native/react-native-workers/example/src/screens/TestsScreen.tsx"}
{"id":"src/workers/parse","absPath":"/Users/ammarahmed/Work/Projects/react-native/react-native-workers/example/src/workers/parse.ts","requestedFrom":"/Users/ammarahmed/Work/Projects/react-native/react-native-workers/example/src/screens/ParseScreen.tsx"}
{"id":"src/workers/uidemo","absPath":"/Users/ammarahmed/Work/Projects/react-native/react-native-workers/example/src/workers/uidemo.ts","requestedFrom":"/Users/ammarahmed/Work/Projects/react-native/react-native-workers/example/src/screens/UIWorkerDemoScreen.tsx"}
{"id":"src/workers/uidemo","absPath":"/Users/ammarahmed/Work/Projects/react-native/react-native-workers/example/src/workers/uidemo.ts","requestedFrom":"/Users/ammarahmed/Work/Projects/react-native/react-native-workers/example/src/screens/UIWorkerDemoScreen.tsx"}
{"id":"src/workers/nativescript","absPath":"/Users/ammarahmed/Work/Projects/react-native/react-native-workers/example/src/workers/nativescript.ts","requestedFrom":"/Users/ammarahmed/Work/Projects/react-native/react-native-workers/example/src/screens/NativeScriptScreen.tsx"}
{"id":"src/workers/search","absPath":"/Users/ammarahmed/Work/Projects/react-native/react-native-workers/example/src/workers/search.ts","requestedFrom":"/Users/ammarahmed/Work/Projects/react-native/react-native-workers/example/src/screens/SearchServiceScreen.tsx"}
{"id":"src/workers/notes","absPath":"/Users/ammarahmed/Work/Projects/react-native/react-native-workers/example/src/workers/notes.ts","requestedFrom":"/Users/ammarahmed/Work/Projects/react-native/react-native-workers/example/src/screens/NotesScreen.tsx"}
{"id":"src/workers/imagefx","absPath":"/Users/ammarahmed/Work/Projects/react-native/react-native-workers/example/src/workers/imagefx.ts","requestedFrom":"/Users/ammarahmed/Work/Projects/react-native/react-native-workers/example/src/screens/ImageFxScreen.tsx"}
{"id":"src/workers/downloads","absPath":"/Users/ammarahmed/Work/Projects/react-native/react-native-workers/example/src/workers/downloads.ts","requestedFrom":"/Users/ammarahmed/Work/Projects/react-native/react-native-workers/example/src/screens/DownloadsScreen.tsx"}
{"id":"src/workers/gzip","absPath":"/Users/ammarahmed/Work/Projects/react-native/react-native-workers/example/src/workers/gzip.ts","requestedFrom":"/Users/ammarahmed/Work/Projects/react-native/react-native-workers/example/src/screens/TestsScreen.tsx"}
{"id":"src/workers/double","absPath":"/Users/ammarahmed/Work/Projects/react-native/react-native-workers/example/src/workers/double.ts","requestedFrom":"/Users/ammarahmed/Work/Projects/react-native/react-native-workers/example/src/screens/TestsScreen.tsx"}
{"id":"src/workers/blobutil","absPath":"/Users/ammarahmed/Work/Projects/react-native/react-native-workers/example/src/workers/blobutil.ts","requestedFrom":"/Users/ammarahmed/Work/Projects/react-native/react-native-workers/example/src/screens/TestsScreen.tsx"}
{"id":"src/workers/blob","absPath":"/Users/ammarahmed/Work/Projects/react-native/react-native-workers/example/src/workers/blob.ts","requestedFrom":"/Users/ammarahmed/Work/Projects/react-native/react-native-workers/example/src/screens/TestsScreen.tsx"}
{"id":"src/workers/mmkv","absPath":"/Users/ammarahmed/Work/Projects/react-native/react-native-workers/example/src/workers/mmkv.ts","requestedFrom":"/Users/ammarahmed/Work/Projects/react-native/react-native-workers/example/src/screens/TestsScreen.tsx"}
{"id":"src/workers/mmkv2","absPath":"/Users/ammarahmed/Work/Projects/react-native/react-native-workers/example/src/workers/mmkv2.ts","requestedFrom":"/Users/ammarahmed/Work/Projects/react-native/react-native-workers/example/src/screens/TestsScreen.tsx"}
{"id":"src/workers/nativecomponents","absPath":"/Users/ammarahmed/Work/Projects/react-native/react-native-workers/example/src/workers/nativecomponents.ts","requestedFrom":"/Users/ammarahmed/Work/Projects/react-native/react-native-workers/example/src/screens/NativeComponentScreen.tsx"}
{"id":"src/workers/parse","absPath":"/Users/ammarahmed/Work/Projects/react-native/react-native-workers/example/src/workers/parse.ts","requestedFrom":"/Users/ammarahmed/Work/Projects/react-native/react-native-workers/example/src/screens/ParseScreen.tsx"}
{"id":"src/workers/sensor","absPath":"/Users/ammarahmed/Work/Projects/react-native/react-native-workers/example/src/workers/sensor.ts","requestedFrom":"/Users/ammarahmed/Work/Projects/react-native/react-native-workers/example/src/screens/SensorScreen.tsx"}
{"id":"src/workers/uidemo","absPath":"/Users/ammarahmed/Work/Projects/react-native/react-native-workers/example/src/workers/uidemo.ts","requestedFrom":"/Users/ammarahmed/Work/Projects/react-native/react-native-workers/example/src/screens/UIWorkerDemoScreen.tsx"}
{"id":"src/workers/uidemo","absPath":"/Users/ammarahmed/Work/Projects/react-native/react-native-workers/example/src/workers/uidemo.ts","requestedFrom":"/Users/ammarahmed/Work/Projects/react-native/react-native-workers/example/src/screens/UIWorkerDemoScreen.tsx"}
{"id":"src/workers/nativescript","absPath":"/Users/ammarahmed/Work/Projects/react-native/react-native-workers/example/src/workers/nativescript.ts","requestedFrom":"/Users/ammarahmed/Work/Projects/react-native/react-native-workers/example/src/screens/NativeScriptScreen.tsx"}
{"id":"src/workers/search","absPath":"/Users/ammarahmed/Work/Projects/react-native/react-native-workers/example/src/workers/search.ts","requestedFrom":"/Users/ammarahmed/Work/Projects/react-native/react-native-workers/example/src/screens/SearchServiceScreen.tsx"}
{"id":"src/workers/nativecomponents","absPath":"/Users/ammarahmed/Work/Projects/react-native/react-native-workers/example/src/workers/nativecomponents.ts","requestedFrom":"/Users/ammarahmed/Work/Projects/react-native/react-native-workers/example/src/screens/NativeComponentScreen.tsx"}
{"id":"src/workers/downloads","absPath":"/Users/ammarahmed/Work/Projects/react-native/react-native-workers/example/src/workers/downloads.ts","requestedFrom":"/Users/ammarahmed/Work/Projects/react-native/react-native-workers/example/src/screens/DownloadsScreen.tsx"}
{"id":"src/workers/gzip","absPath":"/Users/ammarahmed/Work/Projects/react-native/react-native-workers/example/src/workers/gzip.ts","requestedFrom":"/Users/ammarahmed/Work/Projects/react-native/react-native-workers/example/src/screens/TestsScreen.tsx"}
{"id":"src/workers/double","absPath":"/Users/ammarahmed/Work/Projects/react-native/react-native-workers/example/src/workers/double.ts","requestedFrom":"/Users/ammarahmed/Work/Projects/react-native/react-native-workers/example/src/screens/TestsScreen.tsx"}
{"id":"src/workers/blobutil","absPath":"/Users/ammarahmed/Work/Projects/react-native/react-native-workers/example/src/workers/blobutil.ts","requestedFrom":"/Users/ammarahmed/Work/Projects/react-native/react-native-workers/example/src/screens/TestsScreen.tsx"}
{"id":"src/workers/blob","absPath":"/Users/ammarahmed/Work/Projects/react-native/react-native-workers/example/src/workers/blob.ts","requestedFrom":"/Users/ammarahmed/Work/Projects/react-native/react-native-workers/example/src/screens/TestsScreen.tsx"}
{"id":"src/workers/mmkv","absPath":"/Users/ammarahmed/Work/Projects/react-native/react-native-workers/example/src/workers/mmkv.ts","requestedFrom":"/Users/ammarahmed/Work/Projects/react-native/react-native-workers/example/src/screens/TestsScreen.tsx"}
{"id":"src/workers/mmkv2","absPath":"/Users/ammarahmed/Work/Projects/react-native/react-native-workers/example/src/workers/mmkv2.ts","requestedFrom":"/Users/ammarahmed/Work/Projects/react-native/react-native-workers/example/src/screens/TestsScreen.tsx"}
{"id":"src/workers/imagefx","absPath":"/Users/ammarahmed/Work/Projects/react-native/react-native-workers/example/src/workers/imagefx.ts","requestedFrom":"/Users/ammarahmed/Work/Projects/react-native/react-native-workers/example/src/screens/ImageFxScreen.tsx"}
{"id":"src/workers/parse","absPath":"/Users/ammarahmed/Work/Projects/react-native/react-native-workers/example/src/workers/parse.ts","requestedFrom":"/Users/ammarahmed/Work/Projects/react-native/react-native-workers/example/src/screens/ParseScreen.tsx"}
{"id":"src/workers/sensor","absPath":"/Users/ammarahmed/Work/Projects/react-native/react-native-workers/example/src/workers/sensor.ts","requestedFrom":"/Users/ammarahmed/Work/Projects/react-native/react-native-workers/example/src/screens/SensorScreen.tsx"}
{"id":"src/workers/notes","absPath":"/Users/ammarahmed/Work/Projects/react-native/react-native-workers/example/src/workers/notes.ts","requestedFrom":"/Users/ammarahmed/Work/Projects/react-native/react-native-workers/example/src/screens/NotesScreen.tsx"}
{"id":"src/workers/uidemo","absPath":"/Users/ammarahmed/Work/Projects/react-native/react-native-workers/example/src/workers/uidemo.ts","requestedFrom":"/Users/ammarahmed/Work/Projects/react-native/react-native-workers/example/src/screens/UIWorkerDemoScreen.tsx"}
{"id":"src/workers/uidemo","absPath":"/Users/ammarahmed/Work/Projects/react-native/react-native-workers/example/src/workers/uidemo.ts","requestedFrom":"/Users/ammarahmed/Work/Projects/react-native/react-native-workers/example/src/screens/UIWorkerDemoScreen.tsx"}
{"id":"src/workers/nativecomponents","absPath":"/Users/ammarahmed/Work/Projects/react-native/react-native-workers/example/src/workers/nativecomponents.ts","requestedFrom":"/Users/ammarahmed/Work/Projects/react-native/react-native-workers/example/src/screens/NativeComponentScreen.tsx"}
{"id":"src/workers/search","absPath":"/Users/ammarahmed/Work/Projects/react-native/react-native-workers/example/src/workers/search.ts","requestedFrom":"/Users/ammarahmed/Work/Projects/react-native/react-native-workers/example/src/screens/SearchServiceScreen.tsx"}
{"id":"src/workers/imagefx","absPath":"/Users/ammarahmed/Work/Projects/react-native/react-native-workers/example/src/workers/imagefx.ts","requestedFrom":"/Users/ammarahmed/Work/Projects/react-native/react-native-workers/example/src/screens/ImageFxScreen.tsx"}
{"id":"src/workers/notes","absPath":"/Users/ammarahmed/Work/Projects/react-native/react-native-workers/example/src/workers/notes.ts","requestedFrom":"/Users/ammarahmed/Work/Projects/react-native/react-native-workers/example/src/screens/NotesScreen.tsx"}
{"id":"src/workers/sensor","absPath":"/Users/ammarahmed/Work/Projects/react-native/react-native-workers/example/src/workers/sensor.ts","requestedFrom":"/Users/ammarahmed/Work/Projects/react-native/react-native-workers/example/src/screens/SensorScreen.tsx"}
{"id":"src/workers/gzip","absPath":"/Users/ammarahmed/Work/Projects/react-native/react-native-workers/example/src/workers/gzip.ts","requestedFrom":"/Users/ammarahmed/Work/Projects/react-native/react-native-workers/example/src/screens/TestsScreen.tsx"}
{"id":"src/workers/double","absPath":"/Users/ammarahmed/Work/Projects/react-native/react-native-workers/example/src/workers/double.ts","requestedFrom":"/Users/ammarahmed/Work/Projects/react-native/react-native-workers/example/src/screens/TestsScreen.tsx"}
{"id":"src/workers/blobutil","absPath":"/Users/ammarahmed/Work/Projects/react-native/react-native-workers/example/src/workers/blobutil.ts","requestedFrom":"/Users/ammarahmed/Work/Projects/react-native/react-native-workers/example/src/screens/TestsScreen.tsx"}
{"id":"src/workers/blob","absPath":"/Users/ammarahmed/Work/Projects/react-native/react-native-workers/example/src/workers/blob.ts","requestedFrom":"/Users/ammarahmed/Work/Projects/react-native/react-native-workers/example/src/screens/TestsScreen.tsx"}
{"id":"src/workers/mmkv","absPath":"/Users/ammarahmed/Work/Projects/react-native/react-native-workers/example/src/workers/mmkv.ts","requestedFrom":"/Users/ammarahmed/Work/Projects/react-native/react-native-workers/example/src/screens/TestsScreen.tsx"}
{"id":"src/workers/mmkv2","absPath":"/Users/ammarahmed/Work/Projects/react-native/react-native-workers/example/src/workers/mmkv2.ts","requestedFrom":"/Users/ammarahmed/Work/Projects/react-native/react-native-workers/example/src/screens/TestsScreen.tsx"}
{"id":"src/workers/parse","absPath":"/Users/ammarahmed/Work/Projects/react-native/react-native-workers/example/src/workers/parse.ts","requestedFrom":"/Users/ammarahmed/Work/Projects/react-native/react-native-workers/example/src/screens/ParseScreen.tsx"}
{"id":"src/workers/downloads","absPath":"/Users/ammarahmed/Work/Projects/react-native/react-native-workers/example/src/workers/downloads.ts","requestedFrom":"/Users/ammarahmed/Work/Projects/react-native/react-native-workers/example/src/screens/DownloadsScreen.tsx"}
{"id":"src/workers/nativescript","absPath":"/Users/ammarahmed/Work/Projects/react-native/react-native-workers/example/src/workers/nativescript.ts","requestedFrom":"/Users/ammarahmed/Work/Projects/react-native/react-native-workers/example/src/screens/NativeScriptScreen.tsx"}
{"id":"src/workers/gzip","absPath":"/Users/ammarahmed/Work/Projects/react-native/react-native-workers/example/src/workers/gzip.ts","requestedFrom":"/Users/ammarahmed/Work/Projects/react-native/react-native-workers/example/src/screens/TestsScreen.tsx"}
{"id":"src/workers/double","absPath":"/Users/ammarahmed/Work/Projects/react-native/react-native-workers/example/src/workers/double.ts","requestedFrom":"/Users/ammarahmed/Work/Projects/react-native/react-native-workers/example/src/screens/TestsScreen.tsx"}
{"id":"src/workers/blobutil","absPath":"/Users/ammarahmed/Work/Projects/react-native/react-native-workers/example/src/workers/blobutil.ts","requestedFrom":"/Users/ammarahmed/Work/Projects/react-native/react-native-workers/example/src/screens/TestsScreen.tsx"}
{"id":"src/workers/blob","absPath":"/Users/ammarahmed/Work/Projects/react-native/react-native-workers/example/src/workers/blob.ts","requestedFrom":"/Users/ammarahmed/Work/Projects/react-native/react-native-workers/example/src/screens/TestsScreen.tsx"}
{"id":"src/workers/mmkv","absPath":"/Users/ammarahmed/Work/Projects/react-native/react-native-workers/example/src/workers/mmkv.ts","requestedFrom":"/Users/ammarahmed/Work/Projects/react-native/react-native-workers/example/src/screens/TestsScreen.tsx"}
{"id":"src/workers/mmkv2","absPath":"/Users/ammarahmed/Work/Projects/react-native/react-native-workers/example/src/workers/mmkv2.ts","requestedFrom":"/Users/ammarahmed/Work/Projects/react-native/react-native-workers/example/src/screens/TestsScreen.tsx"}
{"id":"src/workers/nativecomponents","absPath":"/Users/ammarahmed/Work/Projects/react-native/react-native-workers/example/src/workers/nativecomponents.ts","requestedFrom":"/Users/ammarahmed/Work/Projects/react-native/react-native-workers/example/src/screens/NativeComponentScreen.tsx"}
{"id":"src/workers/threads","absPath":"/Users/ammarahmed/Work/Projects/react-native/react-native-workers/example/src/workers/threads.ts","requestedFrom":"/Users/ammarahmed/Work/Projects/react-native/react-native-workers/example/src/screens/TestsScreen.tsx"}
{"id":"src/workers/search","absPath":"/Users/ammarahmed/Work/Projects/react-native/react-native-workers/example/src/workers/search.ts","requestedFrom":"/Users/ammarahmed/Work/Projects/react-native/react-native-workers/example/src/screens/SearchServiceScreen.tsx"}
{"id":"src/workers/notes","absPath":"/Users/ammarahmed/Work/Projects/react-native/react-native-workers/example/src/workers/notes.ts","requestedFrom":"/Users/ammarahmed/Work/Projects/react-native/react-native-workers/example/src/screens/NotesScreen.tsx"}
{"id":"src/workers/uidemo","absPath":"/Users/ammarahmed/Work/Projects/react-native/react-native-workers/example/src/workers/uidemo.ts","requestedFrom":"/Users/ammarahmed/Work/Projects/react-native/react-native-workers/example/src/screens/UIWorkerDemoScreen.tsx"}
{"id":"src/workers/uidemo","absPath":"/Users/ammarahmed/Work/Projects/react-native/react-native-workers/example/src/workers/uidemo.ts","requestedFrom":"/Users/ammarahmed/Work/Projects/react-native/react-native-workers/example/src/screens/UIWorkerDemoScreen.tsx"}
{"id":"src/workers/downloads","absPath":"/Users/ammarahmed/Work/Projects/react-native/react-native-workers/example/src/workers/downloads.ts","requestedFrom":"/Users/ammarahmed/Work/Projects/react-native/react-native-workers/example/src/screens/DownloadsScreen.tsx"}
{"id":"src/workers/nativescript","absPath":"/Users/ammarahmed/Work/Projects/react-native/react-native-workers/example/src/workers/nativescript.ts","requestedFrom":"/Users/ammarahmed/Work/Projects/react-native/react-native-workers/example/src/screens/NativeScriptScreen.tsx"}
{"id":"src/workers/sensor","absPath":"/Users/ammarahmed/Work/Projects/react-native/react-native-workers/example/src/workers/sensor.ts","requestedFrom":"/Users/ammarahmed/Work/Projects/react-native/react-native-workers/example/src/screens/SensorScreen.tsx"}
{"id":"src/workers/parse","absPath":"/Users/ammarahmed/Work/Projects/react-native/react-native-workers/example/src/workers/parse.ts","requestedFrom":"/Users/ammarahmed/Work/Projects/react-native/react-native-workers/example/src/screens/ParseScreen.tsx"}
{"id":"src/workers/imagefx","absPath":"/Users/ammarahmed/Work/Projects/react-native/react-native-workers/example/src/workers/imagefx.ts","requestedFrom":"/Users/ammarahmed/Work/Projects/react-native/react-native-workers/example/src/screens/ImageFxScreen.tsx"}
{"id":"src/workers/gzip","absPath":"/Users/ammarahmed/Work/Projects/react-native/react-native-workers/example/src/workers/gzip.ts","requestedFrom":"/Users/ammarahmed/Work/Projects/react-native/react-native-workers/example/src/screens/TestsScreen.tsx"}
{"id":"src/workers/double","absPath":"/Users/ammarahmed/Work/Projects/react-native/react-native-workers/example/src/workers/double.ts","requestedFrom":"/Users/ammarahmed/Work/Projects/react-native/react-native-workers/example/src/screens/TestsScreen.tsx"}
{"id":"src/workers/blobutil","absPath":"/Users/ammarahmed/Work/Projects/react-native/react-native-workers/example/src/workers/blobutil.ts","requestedFrom":"/Users/ammarahmed/Work/Projects/react-native/react-native-workers/example/src/screens/TestsScreen.tsx"}
{"id":"src/workers/blob","absPath":"/Users/ammarahmed/Work/Projects/react-native/react-native-workers/example/src/workers/blob.ts","requestedFrom":"/Users/ammarahmed/Work/Projects/react-native/react-native-workers/example/src/screens/TestsScreen.tsx"}
{"id":"src/workers/mmkv","absPath":"/Users/ammarahmed/Work/Projects/react-native/react-native-workers/example/src/workers/mmkv.ts","requestedFrom":"/Users/ammarahmed/Work/Projects/react-native/react-native-workers/example/src/screens/TestsScreen.tsx"}
{"id":"src/workers/mmkv2","absPath":"/Users/ammarahmed/Work/Projects/react-native/react-native-workers/example/src/workers/mmkv2.ts","requestedFrom":"/Users/ammarahmed/Work/Projects/react-native/react-native-workers/example/src/screens/TestsScreen.tsx"}
{"id":"src/workers/threads","absPath":"/Users/ammarahmed/Work/Projects/react-native/react-native-workers/example/src/workers/threads.ts","requestedFrom":"/Users/ammarahmed/Work/Projects/react-native/react-native-workers/example/src/screens/TestsScreen.tsx"}
{"id":"src/workers/gzip","absPath":"/Users/ammarahmed/Work/Projects/react-native/react-native-workers/example/src/workers/gzip.ts","requestedFrom":"/Users/ammarahmed/Work/Projects/react-native/react-native-workers/example/src/screens/TestsScreen.tsx"}
{"id":"src/workers/double","absPath":"/Users/ammarahmed/Work/Projects/react-native/react-native-workers/example/src/workers/double.ts","requestedFrom":"/Users/ammarahmed/Work/Projects/react-native/react-native-workers/example/src/screens/TestsScreen.tsx"}
{"id":"src/workers/blobutil","absPath":"/Users/ammarahmed/Work/Projects/react-native/react-native-workers/example/src/workers/blobutil.ts","requestedFrom":"/Users/ammarahmed/Work/Projects/react-native/react-native-workers/example/src/screens/TestsScreen.tsx"}
{"id":"src/workers/blob","absPath":"/Users/ammarahmed/Work/Projects/react-native/react-native-workers/example/src/workers/blob.ts","requestedFrom":"/Users/ammarahmed/Work/Projects/react-native/react-native-workers/example/src/screens/TestsScreen.tsx"}
{"id":"src/workers/mmkv","absPath":"/Users/ammarahmed/Work/Projects/react-native/react-native-workers/example/src/workers/mmkv.ts","requestedFrom":"/Users/ammarahmed/Work/Projects/react-native/react-native-workers/example/src/screens/TestsScreen.tsx"}
{"id":"src/workers/mmkv2","absPath":"/Users/ammarahmed/Work/Projects/react-native/react-native-workers/example/src/workers/mmkv2.ts","requestedFrom":"/Users/ammarahmed/Work/Projects/react-native/react-native-workers/example/src/screens/TestsScreen.tsx"}
{"id":"src/workers/threads","absPath":"/Users/ammarahmed/Work/Projects/react-native/react-native-workers/example/src/workers/threads.ts","requestedFrom":"/Users/ammarahmed/Work/Projects/react-native/react-native-workers/example/src/screens/TestsScreen.tsx"}
{"id":"src/workers/gzip","absPath":"/Users/ammarahmed/Work/Projects/react-native/react-native-workers/example/src/workers/gzip.ts","requestedFrom":"/Users/ammarahmed/Work/Projects/react-native/react-native-workers/example/src/screens/TestsScreen.tsx"}
{"id":"src/workers/double","absPath":"/Users/ammarahmed/Work/Projects/react-native/react-native-workers/example/src/workers/double.ts","requestedFrom":"/Users/ammarahmed/Work/Projects/react-native/react-native-workers/example/src/screens/TestsScreen.tsx"}
{"id":"src/workers/blobutil","absPath":"/Users/ammarahmed/Work/Projects/react-native/react-native-workers/example/src/workers/blobutil.ts","requestedFrom":"/Users/ammarahmed/Work/Projects/react-native/react-native-workers/example/src/screens/TestsScreen.tsx"}
{"id":"src/workers/blob","absPath":"/Users/ammarahmed/Work/Projects/react-native/react-native-workers/example/src/workers/blob.ts","requestedFrom":"/Users/ammarahmed/Work/Projects/react-native/react-native-workers/example/src/screens/TestsScreen.tsx"}
{"id":"src/workers/mmkv","absPath":"/Users/ammarahmed/Work/Projects/react-native/react-native-workers/example/src/workers/mmkv.ts","requestedFrom":"/Users/ammarahmed/Work/Projects/react-native/react-native-workers/example/src/screens/TestsScreen.tsx"}
{"id":"src/workers/mmkv2","absPath":"/Users/ammarahmed/Work/Projects/react-native/react-native-workers/example/src/workers/mmkv2.ts","requestedFrom":"/Users/ammarahmed/Work/Projects/react-native/react-native-workers/example/src/screens/TestsScreen.tsx"}
{"id":"src/workers/threads","absPath":"/Users/ammarahmed/Work/Projects/react-native/react-native-workers/example/src/workers/threads.ts","requestedFrom":"/Users/ammarahmed/Work/Projects/react-native/react-native-workers/example/src/screens/TestsScreen.tsx"}
{"id":"src/workers/uidemo","absPath":"/Users/ammarahmed/Work/Projects/react-native/react-native-workers/example/src/workers/uidemo.ts","requestedFrom":"/Users/ammarahmed/Work/Projects/react-native/react-native-workers/example/src/screens/UIWorkerDemoScreen.tsx"}
{"id":"src/workers/uidemo","absPath":"/Users/ammarahmed/Work/Projects/react-native/react-native-workers/example/src/workers/uidemo.ts","requestedFrom":"/Users/ammarahmed/Work/Projects/react-native/react-native-workers/example/src/screens/UIWorkerDemoScreen.tsx"}
{"id":"src/workers/nativecomponents","absPath":"/Users/ammarahmed/Work/Projects/react-native/react-native-workers/example/src/workers/nativecomponents.ts","requestedFrom":"/Users/ammarahmed/Work/Projects/react-native/react-native-workers/example/src/screens/NativeComponentScreen.tsx"}
{"id":"src/workers/notes","absPath":"/Users/ammarahmed/Work/Projects/react-native/react-native-workers/example/src/workers/notes.ts","requestedFrom":"/Users/ammarahmed/Work/Projects/react-native/react-native-workers/example/src/screens/NotesScreen.tsx"}
{"id":"src/workers/imagefx","absPath":"/Users/ammarahmed/Work/Projects/react-native/react-native-workers/example/src/workers/imagefx.ts","requestedFrom":"/Users/ammarahmed/Work/Projects/react-native/react-native-workers/example/src/screens/ImageFxScreen.tsx"}
{"id":"src/workers/parse","absPath":"/Users/ammarahmed/Work/Projects/react-native/react-native-workers/example/src/workers/parse.ts","requestedFrom":"/Users/ammarahmed/Work/Projects/react-native/react-native-workers/example/src/screens/ParseScreen.tsx"}
{"id":"src/workers/search","absPath":"/Users/ammarahmed/Work/Projects/react-native/react-native-workers/example/src/workers/search.ts","requestedFrom":"/Users/ammarahmed/Work/Projects/react-native/react-native-workers/example/src/screens/SearchServiceScreen.tsx"}
{"id":"src/workers/sensor","absPath":"/Users/ammarahmed/Work/Projects/react-native/react-native-workers/example/src/workers/sensor.ts","requestedFrom":"/Users/ammarahmed/Work/Projects/react-native/react-native-workers/example/src/screens/SensorScreen.tsx"}
{"id":"src/workers/downloads","absPath":"/Users/ammarahmed/Work/Projects/react-native/react-native-workers/example/src/workers/downloads.ts","requestedFrom":"/Users/ammarahmed/Work/Projects/react-native/react-native-workers/example/src/screens/DownloadsScreen.tsx"}
{"id":"src/workers/gzip","absPath":"/Users/ammarahmed/Work/Projects/react-native/react-native-workers/example/src/workers/gzip.ts","requestedFrom":"/Users/ammarahmed/Work/Projects/react-native/react-native-workers/example/src/screens/TestsScreen.tsx"}
{"id":"src/workers/double","absPath":"/Users/ammarahmed/Work/Projects/react-native/react-native-workers/example/src/workers/double.ts","requestedFrom":"/Users/ammarahmed/Work/Projects/react-native/react-native-workers/example/src/screens/TestsScreen.tsx"}
{"id":"src/workers/blobutil","absPath":"/Users/ammarahmed/Work/Projects/react-native/react-native-workers/example/src/workers/blobutil.ts","requestedFrom":"/Users/ammarahmed/Work/Projects/react-native/react-native-workers/example/src/screens/TestsScreen.tsx"}
{"id":"src/workers/blob","absPath":"/Users/ammarahmed/Work/Projects/react-native/react-native-workers/example/src/workers/blob.ts","requestedFrom":"/Users/ammarahmed/Work/Projects/react-native/react-native-workers/example/src/screens/TestsScreen.tsx"}
{"id":"src/workers/mmkv","absPath":"/Users/ammarahmed/Work/Projects/react-native/react-native-workers/example/src/workers/mmkv.ts","requestedFrom":"/Users/ammarahmed/Work/Projects/react-native/react-native-workers/example/src/screens/TestsScreen.tsx"}
{"id":"src/workers/mmkv2","absPath":"/Users/ammarahmed/Work/Projects/react-native/react-native-workers/example/src/workers/mmkv2.ts","requestedFrom":"/Users/ammarahmed/Work/Projects/react-native/react-native-workers/example/src/screens/TestsScreen.tsx"}
{"id":"src/workers/threads","absPath":"/Users/ammarahmed/Work/Projects/react-native/react-native-workers/example/src/workers/threads.ts","requestedFrom":"/Users/ammarahmed/Work/Projects/react-native/react-native-workers/example/src/screens/TestsScreen.tsx"}
{"id":"src/workers/nativescript","absPath":"/Users/ammarahmed/Work/Projects/react-native/react-native-workers/example/src/workers/nativescript.ts","requestedFrom":"/Users/ammarahmed/Work/Projects/react-native/react-native-workers/example/src/screens/NativeScriptScreen.tsx"}
{"id":"src/workers/gzip","absPath":"/Users/ammarahmed/Work/Projects/react-native/react-native-workers/example/src/workers/gzip.ts","requestedFrom":"/Users/ammarahmed/Work/Projects/react-native/react-native-workers/example/src/screens/TestsScreen.tsx"}
{"id":"src/workers/double","absPath":"/Users/ammarahmed/Work/Projects/react-native/react-native-workers/example/src/workers/double.ts","requestedFrom":"/Users/ammarahmed/Work/Projects/react-native/react-native-workers/example/src/screens/TestsScreen.tsx"}
{"id":"src/workers/blobutil","absPath":"/Users/ammarahmed/Work/Projects/react-native/react-native-workers/example/src/workers/blobutil.ts","requestedFrom":"/Users/ammarahmed/Work/Projects/react-native/react-native-workers/example/src/screens/TestsScreen.tsx"}
{"id":"src/workers/blob","absPath":"/Users/ammarahmed/Work/Projects/react-native/react-native-workers/example/src/workers/blob.ts","requestedFrom":"/Users/ammarahmed/Work/Projects/react-native/react-native-workers/example/src/screens/TestsScreen.tsx"}
{"id":"src/workers/mmkv","absPath":"/Users/ammarahmed/Work/Projects/react-native/react-native-workers/example/src/workers/mmkv.ts","requestedFrom":"/Users/ammarahmed/Work/Projects/react-native/react-native-workers/example/src/screens/TestsScreen.tsx"}
{"id":"src/workers/mmkv2","absPath":"/Users/ammarahmed/Work/Projects/react-native/react-native-workers/example/src/workers/mmkv2.ts","requestedFrom":"/Users/ammarahmed/Work/Projects/react-native/react-native-workers/example/src/screens/TestsScreen.tsx"}
{"id":"src/workers/gzip","absPath":"/Users/ammarahmed/Work/Projects/react-native/react-native-workers/example/src/workers/gzip.ts","requestedFrom":"/Users/ammarahmed/Work/Projects/react-native/react-native-workers/example/src/screens/TestsScreen.tsx"}
{"id":"src/workers/double","absPath":"/Users/ammarahmed/Work/Projects/react-native/react-native-workers/example/src/workers/double.ts","requestedFrom":"/Users/ammarahmed/Work/Projects/react-native/react-native-workers/example/src/screens/TestsScreen.tsx"}
{"id":"src/workers/blobutil","absPath":"/Users/ammarahmed/Work/Projects/react-native/react-native-workers/example/src/workers/blobutil.ts","requestedFrom":"/Users/ammarahmed/Work/Projects/react-native/react-native-workers/example/src/screens/TestsScreen.tsx"}
{"id":"src/workers/blob","absPath":"/Users/ammarahmed/Work/Projects/react-native/react-native-workers/example/src/workers/blob.ts","requestedFrom":"/Users/ammarahmed/Work/Projects/react-native/react-native-workers/example/src/screens/TestsScreen.tsx"}
{"id":"src/workers/mmkv","absPath":"/Users/ammarahmed/Work/Projects/react-native/react-native-workers/example/src/workers/mmkv.ts","requestedFrom":"/Users/ammarahmed/Work/Projects/react-native/react-native-workers/example/src/screens/TestsScreen.tsx"}
{"id":"src/workers/mmkv2","absPath":"/Users/ammarahmed/Work/Projects/react-native/react-native-workers/example/src/workers/mmkv2.ts","requestedFrom":"/Users/ammarahmed/Work/Projects/react-native/react-native-workers/example/src/screens/TestsScreen.tsx"}
{"id":"src/workers/uidemo","absPath":"/Users/ammarahmed/Work/Projects/react-native/react-native-workers/example/src/workers/uidemo.ts","requestedFrom":"/Users/ammarahmed/Work/Projects/react-native/react-native-workers/example/src/screens/UIWorkerDemoScreen.tsx"}
{"id":"src/workers/uidemo","absPath":"/Users/ammarahmed/Work/Projects/react-native/react-native-workers/example/src/workers/uidemo.ts","requestedFrom":"/Users/ammarahmed/Work/Projects/react-native/react-native-workers/example/src/screens/UIWorkerDemoScreen.tsx"}
{"id":"src/workers/nativecomponents","absPath":"/Users/ammarahmed/Work/Projects/react-native/react-native-workers/example/src/workers/nativecomponents.ts","requestedFrom":"/Users/ammarahmed/Work/Projects/react-native/react-native-workers/example/src/screens/NativeComponentScreen.tsx"}
{"id":"src/workers/search","absPath":"/Users/ammarahmed/Work/Projects/react-native/react-native-workers/example/src/workers/search.ts","requestedFrom":"/Users/ammarahmed/Work/Projects/react-native/react-native-workers/example/src/screens/SearchServiceScreen.tsx"}
{"id":"src/workers/nativescript","absPath":"/Users/ammarahmed/Work/Projects/react-native/react-native-workers/example/src/workers/nativescript.ts","requestedFrom":"/Users/ammarahmed/Work/Projects/react-native/react-native-workers/example/src/screens/NativeScriptScreen.tsx"}
{"id":"src/workers/gzip","absPath":"/Users/ammarahmed/Work/Projects/react-native/react-native-workers/example/src/workers/gzip.ts","requestedFrom":"/Users/ammarahmed/Work/Projects/react-native/react-native-workers/example/src/screens/TestsScreen.tsx"}
{"id":"src/workers/double","absPath":"/Users/ammarahmed/Work/Projects/react-native/react-native-workers/example/src/workers/double.ts","requestedFrom":"/Users/ammarahmed/Work/Projects/react-native/react-native-workers/example/src/screens/TestsScreen.tsx"}
{"id":"src/workers/blobutil","absPath":"/Users/ammarahmed/Work/Projects/react-native/react-native-workers/example/src/workers/blobutil.ts","requestedFrom":"/Users/ammarahmed/Work/Projects/react-native/react-native-workers/example/src/screens/TestsScreen.tsx"}
{"id":"src/workers/blob","absPath":"/Users/ammarahmed/Work/Projects/react-native/react-native-workers/example/src/workers/blob.ts","requestedFrom":"/Users/ammarahmed/Work/Projects/react-native/react-native-workers/example/src/screens/TestsScreen.tsx"}
{"id":"src/workers/mmkv","absPath":"/Users/ammarahmed/Work/Projects/react-native/react-native-workers/example/src/workers/mmkv.ts","requestedFrom":"/Users/ammarahmed/Work/Projects/react-native/react-native-workers/example/src/screens/TestsScreen.tsx"}
{"id":"src/workers/mmkv2","absPath":"/Users/ammarahmed/Work/Projects/react-native/react-native-workers/example/src/workers/mmkv2.ts","requestedFrom":"/Users/ammarahmed/Work/Projects/react-native/react-native-workers/example/src/screens/TestsScreen.tsx"}
{"id":"src/workers/imagefx","absPath":"/Users/ammarahmed/Work/Projects/react-native/react-native-workers/example/src/workers/imagefx.ts","requestedFrom":"/Users/ammarahmed/Work/Projects/react-native/react-native-workers/example/src/screens/ImageFxScreen.tsx"}
{"id":"src/workers/threads","absPath":"/Users/ammarahmed/Work/Projects/react-native/react-native-workers/example/src/workers/threads.ts","requestedFrom":"/Users/ammarahmed/Work/Projects/react-native/react-native-workers/example/src/screens/TestsScreen.tsx"}
{"id":"src/workers/downloads","absPath":"/Users/ammarahmed/Work/Projects/react-native/react-native-workers/example/src/workers/downloads.ts","requestedFrom":"/Users/ammarahmed/Work/Projects/react-native/react-native-workers/example/src/screens/DownloadsScreen.tsx"}
{"id":"src/workers/notes","absPath":"/Users/ammarahmed/Work/Projects/react-native/react-native-workers/example/src/workers/notes.ts","requestedFrom":"/Users/ammarahmed/Work/Projects/react-native/react-native-workers/example/src/screens/NotesScreen.tsx"}
{"id":"src/workers/sensor","absPath":"/Users/ammarahmed/Work/Projects/react-native/react-native-workers/example/src/workers/sensor.ts","requestedFrom":"/Users/ammarahmed/Work/Projects/react-native/react-native-workers/example/src/screens/SensorScreen.tsx"}
{"id":"src/workers/parse","absPath":"/Users/ammarahmed/Work/Projects/react-native/react-native-workers/example/src/workers/parse.ts","requestedFrom":"/Users/ammarahmed/Work/Projects/react-native/react-native-workers/example/src/screens/ParseScreen.tsx"}
{"id":"src/workers/downloads","absPath":"/Users/ammarahmed/Work/Projects/react-native/react-native-workers/example/src/workers/downloads.ts","requestedFrom":"/Users/ammarahmed/Work/Projects/react-native/react-native-workers/example/src/screens/DownloadsScreen.tsx"}
{"id":"src/workers/search","absPath":"/Users/ammarahmed/Work/Projects/react-native/react-native-workers/example/src/workers/search.ts","requestedFrom":"/Users/ammarahmed/Work/Projects/react-native/react-native-workers/example/src/screens/SearchServiceScreen.tsx"}
{"id":"src/workers/uidemo","absPath":"/Users/ammarahmed/Work/Projects/react-native/react-native-workers/example/src/workers/uidemo.ts","requestedFrom":"/Users/ammarahmed/Work/Projects/react-native/react-native-workers/example/src/screens/UIWorkerDemoScreen.tsx"}
{"id":"src/workers/uidemo","absPath":"/Users/ammarahmed/Work/Projects/react-native/react-native-workers/example/src/workers/uidemo.ts","requestedFrom":"/Users/ammarahmed/Work/Projects/react-native/react-native-workers/example/src/screens/UIWorkerDemoScreen.tsx"}
{"id":"src/workers/nativecomponents","absPath":"/Users/ammarahmed/Work/Projects/react-native/react-native-workers/example/src/workers/nativecomponents.ts","requestedFrom":"/Users/ammarahmed/Work/Projects/react-native/react-native-workers/example/src/screens/NativeComponentScreen.tsx"}
{"id":"src/workers/sensor","absPath":"/Users/ammarahmed/Work/Projects/react-native/react-native-workers/example/src/workers/sensor.ts","requestedFrom":"/Users/ammarahmed/Work/Projects/react-native/react-native-workers/example/src/screens/SensorScreen.tsx"}
{"id":"src/workers/parse","absPath":"/Users/ammarahmed/Work/Projects/react-native/react-native-workers/example/src/workers/parse.ts","requestedFrom":"/Users/ammarahmed/Work/Projects/react-native/react-native-workers/example/src/screens/ParseScreen.tsx"}
{"id":"src/workers/gzip","absPath":"/Users/ammarahmed/Work/Projects/react-native/react-native-workers/example/src/workers/gzip.ts","requestedFrom":"/Users/ammarahmed/Work/Projects/react-native/react-native-workers/example/src/screens/TestsScreen.tsx"}
{"id":"src/workers/double","absPath":"/Users/ammarahmed/Work/Projects/react-native/react-native-workers/example/src/workers/double.ts","requestedFrom":"/Users/ammarahmed/Work/Projects/react-native/react-native-workers/example/src/screens/TestsScreen.tsx"}
{"id":"src/workers/blobutil","absPath":"/Users/ammarahmed/Work/Projects/react-native/react-native-workers/example/src/workers/blobutil.ts","requestedFrom":"/Users/ammarahmed/Work/Projects/react-native/react-native-workers/example/src/screens/TestsScreen.tsx"}
{"id":"src/workers/blob","absPath":"/Users/ammarahmed/Work/Projects/react-native/react-native-workers/example/src/workers/blob.ts","requestedFrom":"/Users/ammarahmed/Work/Projects/react-native/react-native-workers/example/src/screens/TestsScreen.tsx"}
{"id":"src/workers/mmkv","absPath":"/Users/ammarahmed/Work/Projects/react-native/react-native-workers/example/src/workers/mmkv.ts","requestedFrom":"/Users/ammarahmed/Work/Projects/react-native/react-native-workers/example/src/screens/TestsScreen.tsx"}
{"id":"src/workers/mmkv2","absPath":"/Users/ammarahmed/Work/Projects/react-native/react-native-workers/example/src/workers/mmkv2.ts","requestedFrom":"/Users/ammarahmed/Work/Projects/react-native/react-native-workers/example/src/screens/TestsScreen.tsx"}
{"id":"src/workers/threads","absPath":"/Users/ammarahmed/Work/Projects/react-native/react-native-workers/example/src/workers/threads.ts","requestedFrom":"/Users/ammarahmed/Work/Projects/react-native/react-native-workers/example/src/screens/TestsScreen.tsx"}
{"id":"src/workers/nativescript","absPath":"/Users/ammarahmed/Work/Projects/react-native/react-native-workers/example/src/workers/nativescript.ts","requestedFrom":"/Users/ammarahmed/Work/Projects/react-native/react-native-workers/example/src/screens/NativeScriptScreen.tsx"}
{"id":"src/workers/notes","absPath":"/Users/ammarahmed/Work/Projects/react-native/react-native-workers/example/src/workers/notes.ts","requestedFrom":"/Users/ammarahmed/Work/Projects/react-native/react-native-workers/example/src/screens/NotesScreen.tsx"}
{"id":"src/workers/imagefx","absPath":"/Users/ammarahmed/Work/Projects/react-native/react-native-workers/example/src/workers/imagefx.ts","requestedFrom":"/Users/ammarahmed/Work/Projects/react-native/react-native-workers/example/src/screens/ImageFxScreen.tsx"}
{"id":"src/workers/nativescript","absPath":"/Users/ammarahmed/Work/Projects/react-native/react-native-workers/example/src/workers/nativescript.ts","requestedFrom":"/Users/ammarahmed/Work/Projects/react-native/react-native-workers/example/src/screens/NativeScriptScreen.tsx"}
{"id":"src/workers/uidemo","absPath":"/Users/ammarahmed/Work/Projects/react-native/react-native-workers/example/src/workers/uidemo.ts","requestedFrom":"/Users/ammarahmed/Work/Projects/react-native/react-native-workers/example/src/screens/UIWorkerDemoScreen.tsx"}
{"id":"src/workers/uidemo","absPath":"/Users/ammarahmed/Work/Projects/react-native/react-native-workers/example/src/workers/uidemo.ts","requestedFrom":"/Users/ammarahmed/Work/Projects/react-native/react-native-workers/example/src/screens/UIWorkerDemoScreen.tsx"}
{"id":"src/workers/imagefx","absPath":"/Users/ammarahmed/Work/Projects/react-native/react-native-workers/example/src/workers/imagefx.ts","requestedFrom":"/Users/ammarahmed/Work/Projects/react-native/react-native-workers/example/src/screens/ImageFxScreen.tsx"}
{"id":"src/workers/notes","absPath":"/Users/ammarahmed/Work/Projects/react-native/react-native-workers/example/src/workers/notes.ts","requestedFrom":"/Users/ammarahmed/Work/Projects/react-native/react-native-workers/example/src/screens/NotesScreen.tsx"}
{"id":"src/workers/nativecomponents","absPath":"/Users/ammarahmed/Work/Projects/react-native/react-native-workers/example/src/workers/nativecomponents.ts","requestedFrom":"/Users/ammarahmed/Work/Projects/react-native/react-native-workers/example/src/screens/NativeComponentScreen.tsx"}
{"id":"src/workers/gzip","absPath":"/Users/ammarahmed/Work/Projects/react-native/react-native-workers/example/src/workers/gzip.ts","requestedFrom":"/Users/ammarahmed/Work/Projects/react-native/react-native-workers/example/src/screens/TestsScreen.tsx"}
{"id":"src/workers/downloads","absPath":"/Users/ammarahmed/Work/Projects/react-native/react-native-workers/example/src/workers/downloads.ts","requestedFrom":"/Users/ammarahmed/Work/Projects/react-native/react-native-workers/example/src/screens/DownloadsScreen.tsx"}
{"id":"src/workers/parse","absPath":"/Users/ammarahmed/Work/Projects/react-native/react-native-workers/example/src/workers/parse.ts","requestedFrom":"/Users/ammarahmed/Work/Projects/react-native/react-native-workers/example/src/screens/ParseScreen.tsx"}
{"id":"src/workers/double","absPath":"/Users/ammarahmed/Work/Projects/react-native/react-native-workers/example/src/workers/double.ts","requestedFrom":"/Users/ammarahmed/Work/Projects/react-native/react-native-workers/example/src/screens/TestsScreen.tsx"}
{"id":"src/workers/blobutil","absPath":"/Users/ammarahmed/Work/Projects/react-native/react-native-workers/example/src/workers/blobutil.ts","requestedFrom":"/Users/ammarahmed/Work/Projects/react-native/react-native-workers/example/src/screens/TestsScreen.tsx"}
{"id":"src/workers/blob","absPath":"/Users/ammarahmed/Work/Projects/react-native/react-native-workers/example/src/workers/blob.ts","requestedFrom":"/Users/ammarahmed/Work/Projects/react-native/react-native-workers/example/src/screens/TestsScreen.tsx"}
{"id":"src/workers/mmkv","absPath":"/Users/ammarahmed/Work/Projects/react-native/react-native-workers/example/src/workers/mmkv.ts","requestedFrom":"/Users/ammarahmed/Work/Projects/react-native/react-native-workers/example/src/screens/TestsScreen.tsx"}
{"id":"src/workers/mmkv2","absPath":"/Users/ammarahmed/Work/Projects/react-native/react-native-workers/example/src/workers/mmkv2.ts","requestedFrom":"/Users/ammarahmed/Work/Projects/react-native/react-native-workers/example/src/screens/TestsScreen.tsx"}
{"id":"src/workers/search","absPath":"/Users/ammarahmed/Work/Projects/react-native/react-native-workers/example/src/workers/search.ts","requestedFrom":"/Users/ammarahmed/Work/Projects/react-native/react-native-workers/example/src/screens/SearchServiceScreen.tsx"}
{"id":"src/workers/sensor","absPath":"/Users/ammarahmed/Work/Projects/react-native/react-native-workers/example/src/workers/sensor.ts","requestedFrom":"/Users/ammarahmed/Work/Projects/react-native/react-native-workers/example/src/screens/SensorScreen.tsx"}
{"id":"src/workers/netisolation","absPath":"/Users/ammarahmed/Work/Projects/react-native/react-native-workers/example/src/workers/netisolation.ts","requestedFrom":"/Users/ammarahmed/Work/Projects/react-native/react-native-workers/example/src/screens/TestsScreen.tsx"}
{"id":"src/workers/threads","absPath":"/Users/ammarahmed/Work/Projects/react-native/react-native-workers/example/src/workers/threads.ts","requestedFrom":"/Users/ammarahmed/Work/Projects/react-native/react-native-workers/example/src/screens/TestsScreen.tsx"}
{"id":"src/workers/gzip","absPath":"/Users/ammarahmed/Work/Projects/react-native/react-native-workers/example/src/workers/gzip.ts","requestedFrom":"/Users/ammarahmed/Work/Projects/react-native/react-native-workers/example/src/screens/TestsScreen.tsx"}
{"id":"src/workers/double","absPath":"/Users/ammarahmed/Work/Projects/react-native/react-native-workers/example/src/workers/double.ts","requestedFrom":"/Users/ammarahmed/Work/Projects/react-native/react-native-workers/example/src/screens/TestsScreen.tsx"}
{"id":"src/workers/blobutil","absPath":"/Users/ammarahmed/Work/Projects/react-native/react-native-workers/example/src/workers/blobutil.ts","requestedFrom":"/Users/ammarahmed/Work/Projects/react-native/react-native-workers/example/src/screens/TestsScreen.tsx"}
{"id":"src/workers/blob","absPath":"/Users/ammarahmed/Work/Projects/react-native/react-native-workers/example/src/workers/blob.ts","requestedFrom":"/Users/ammarahmed/Work/Projects/react-native/react-native-workers/example/src/screens/TestsScreen.tsx"}
{"id":"src/workers/mmkv","absPath":"/Users/ammarahmed/Work/Projects/react-native/react-native-workers/example/src/workers/mmkv.ts","requestedFrom":"/Users/ammarahmed/Work/Projects/react-native/react-native-workers/example/src/screens/TestsScreen.tsx"}
{"id":"src/workers/mmkv2","absPath":"/Users/ammarahmed/Work/Projects/react-native/react-native-workers/example/src/workers/mmkv2.ts","requestedFrom":"/Users/ammarahmed/Work/Projects/react-native/react-native-workers/example/src/screens/TestsScreen.tsx"}
{"id":"src/workers/netisolation","absPath":"/Users/ammarahmed/Work/Projects/react-native/react-native-workers/example/src/workers/netisolation.ts","requestedFrom":"/Users/ammarahmed/Work/Projects/react-native/react-native-workers/example/src/screens/TestsScreen.tsx"}
{"id":"src/workers/threads","absPath":"/Users/ammarahmed/Work/Projects/react-native/react-native-workers/example/src/workers/threads.ts","requestedFrom":"/Users/ammarahmed/Work/Projects/react-native/react-native-workers/example/src/screens/TestsScreen.tsx"}
{"id":"src/workers/gzip","absPath":"/Users/ammarahmed/Work/Projects/react-native/react-native-workers/example/src/workers/gzip.ts","requestedFrom":"/Users/ammarahmed/Work/Projects/react-native/react-native-workers/example/src/screens/TestsScreen.tsx"}
{"id":"src/workers/double","absPath":"/Users/ammarahmed/Work/Projects/react-native/react-native-workers/example/src/workers/double.ts","requestedFrom":"/Users/ammarahmed/Work/Projects/react-native/react-native-workers/example/src/screens/TestsScreen.tsx"}
{"id":"src/workers/blobutil","absPath":"/Users/ammarahmed/Work/Projects/react-native/react-native-workers/example/src/workers/blobutil.ts","requestedFrom":"/Users/ammarahmed/Work/Projects/react-native/react-native-workers/example/src/screens/TestsScreen.tsx"}
{"id":"src/workers/blob","absPath":"/Users/ammarahmed/Work/Projects/react-native/react-native-workers/example/src/workers/blob.ts","requestedFrom":"/Users/ammarahmed/Work/Projects/react-native/react-native-workers/example/src/screens/TestsScreen.tsx"}
{"id":"src/workers/mmkv","absPath":"/Users/ammarahmed/Work/Projects/react-native/react-native-workers/example/src/workers/mmkv.ts","requestedFrom":"/Users/ammarahmed/Work/Projects/react-native/react-native-workers/example/src/screens/TestsScreen.tsx"}
{"id":"src/workers/mmkv2","absPath":"/Users/ammarahmed/Work/Projects/react-native/react-native-workers/example/src/workers/mmkv2.ts","requestedFrom":"/Users/ammarahmed/Work/Projects/react-native/react-native-workers/example/src/screens/TestsScreen.tsx"}
{"id":"src/workers/netisolation","absPath":"/Users/ammarahmed/Work/Projects/react-native/react-native-workers/example/src/workers/netisolation.ts","requestedFrom":"/Users/ammarahmed/Work/Projects/react-native/react-native-workers/example/src/screens/TestsScreen.tsx"}
{"id":"src/workers/threads","absPath":"/Users/ammarahmed/Work/Projects/react-native/react-native-workers/example/src/workers/threads.ts","requestedFrom":"/Users/ammarahmed/Work/Projects/react-native/react-native-workers/example/src/screens/TestsScreen.tsx"}
{"id":"src/workers/gzip","absPath":"/Users/ammarahmed/Work/Projects/react-native/react-native-workers/example/src/workers/gzip.ts","requestedFrom":"/Users/ammarahmed/Work/Projects/react-native/react-native-workers/example/src/screens/TestsScreen.tsx"}
{"id":"src/workers/double","absPath":"/Users/ammarahmed/Work/Projects/react-native/react-native-workers/example/src/workers/double.ts","requestedFrom":"/Users/ammarahmed/Work/Projects/react-native/react-native-workers/example/src/screens/TestsScreen.tsx"}
{"id":"src/workers/blobutil","absPath":"/Users/ammarahmed/Work/Projects/react-native/react-native-workers/example/src/workers/blobutil.ts","requestedFrom":"/Users/ammarahmed/Work/Projects/react-native/react-native-workers/example/src/screens/TestsScreen.tsx"}
{"id":"src/workers/blob","absPath":"/Users/ammarahmed/Work/Projects/react-native/react-native-workers/example/src/workers/blob.ts","requestedFrom":"/Users/ammarahmed/Work/Projects/react-native/react-native-workers/example/src/screens/TestsScreen.tsx"}
{"id":"src/workers/mmkv","absPath":"/Users/ammarahmed/Work/Projects/react-native/react-native-workers/example/src/workers/mmkv.ts","requestedFrom":"/Users/ammarahmed/Work/Projects/react-native/react-native-workers/example/src/screens/TestsScreen.tsx"}
{"id":"src/workers/mmkv2","absPath":"/Users/ammarahmed/Work/Projects/react-native/react-native-workers/example/src/workers/mmkv2.ts","requestedFrom":"/Users/ammarahmed/Work/Projects/react-native/react-native-workers/example/src/screens/TestsScreen.tsx"}
{"id":"src/workers/netisolation","absPath":"/Users/ammarahmed/Work/Projects/react-native/react-native-workers/example/src/workers/netisolation.ts","requestedFrom":"/Users/ammarahmed/Work/Projects/react-native/react-native-workers/example/src/screens/TestsScreen.tsx"}
{"id":"src/workers/threads","absPath":"/Users/ammarahmed/Work/Projects/react-native/react-native-workers/example/src/workers/threads.ts","requestedFrom":"/Users/ammarahmed/Work/Projects/react-native/react-native-workers/example/src/screens/TestsScreen.tsx"}
{"id":"src/workers/gzip","absPath":"/Users/ammarahmed/Work/Projects/react-native/react-native-workers/example/src/workers/gzip.ts","requestedFrom":"/Users/ammarahmed/Work/Projects/react-native/react-native-workers/example/src/screens/TestsScreen.tsx"}
{"id":"src/workers/double","absPath":"/Users/ammarahmed/Work/Projects/react-native/react-native-workers/example/src/workers/double.ts","requestedFrom":"/Users/ammarahmed/Work/Projects/react-native/react-native-workers/example/src/screens/TestsScreen.tsx"}
{"id":"src/workers/blobutil","absPath":"/Users/ammarahmed/Work/Projects/react-native/react-native-workers/example/src/workers/blobutil.ts","requestedFrom":"/Users/ammarahmed/Work/Projects/react-native/react-native-workers/example/src/screens/TestsScreen.tsx"}
{"id":"src/workers/blob","absPath":"/Users/ammarahmed/Work/Projects/react-native/react-native-workers/example/src/workers/blob.ts","requestedFrom":"/Users/ammarahmed/Work/Projects/react-native/react-native-workers/example/src/screens/TestsScreen.tsx"}
{"id":"src/workers/mmkv","absPath":"/Users/ammarahmed/Work/Projects/react-native/react-native-workers/example/src/workers/mmkv.ts","requestedFrom":"/Users/ammarahmed/Work/Projects/react-native/react-native-workers/example/src/screens/TestsScreen.tsx"}
{"id":"src/workers/mmkv2","absPath":"/Users/ammarahmed/Work/Projects/react-native/react-native-workers/example/src/workers/mmkv2.ts","requestedFrom":"/Users/ammarahmed/Work/Projects/react-native/react-native-workers/example/src/screens/TestsScreen.tsx"}
{"id":"src/workers/netisolation","absPath":"/Users/ammarahmed/Work/Projects/react-native/react-native-workers/example/src/workers/netisolation.ts","requestedFrom":"/Users/ammarahmed/Work/Projects/react-native/react-native-workers/example/src/screens/TestsScreen.tsx"}
{"id":"src/workers/threads","absPath":"/Users/ammarahmed/Work/Projects/react-native/react-native-workers/example/src/workers/threads.ts","requestedFrom":"/Users/ammarahmed/Work/Projects/react-native/react-native-workers/example/src/screens/TestsScreen.tsx"}
{"id":"src/workers/gzip","absPath":"/Users/ammarahmed/Work/Projects/react-native/react-native-workers/example/src/workers/gzip.ts","requestedFrom":"/Users/ammarahmed/Work/Projects/react-native/react-native-workers/example/src/screens/TestsScreen.tsx"}
{"id":"src/workers/double","absPath":"/Users/ammarahmed/Work/Projects/react-native/react-native-workers/example/src/workers/double.ts","requestedFrom":"/Users/ammarahmed/Work/Projects/react-native/react-native-workers/example/src/screens/TestsScreen.tsx"}
{"id":"src/workers/blobutil","absPath":"/Users/ammarahmed/Work/Projects/react-native/react-native-workers/example/src/workers/blobutil.ts","requestedFrom":"/Users/ammarahmed/Work/Projects/react-native/react-native-workers/example/src/screens/TestsScreen.tsx"}
{"id":"src/workers/blob","absPath":"/Users/ammarahmed/Work/Projects/react-native/react-native-workers/example/src/workers/blob.ts","requestedFrom":"/Users/ammarahmed/Work/Projects/react-native/react-native-workers/example/src/screens/TestsScreen.tsx"}
{"id":"src/workers/mmkv","absPath":"/Users/ammarahmed/Work/Projects/react-native/react-native-workers/example/src/workers/mmkv.ts","requestedFrom":"/Users/ammarahmed/Work/Projects/react-native/react-native-workers/example/src/screens/TestsScreen.tsx"}
{"id":"src/workers/mmkv2","absPath":"/Users/ammarahmed/Work/Projects/react-native/react-native-workers/example/src/workers/mmkv2.ts","requestedFrom":"/Users/ammarahmed/Work/Projects/react-native/react-native-workers/example/src/screens/TestsScreen.tsx"}
{"id":"src/workers/netisolation","absPath":"/Users/ammarahmed/Work/Projects/react-native/react-native-workers/example/src/workers/netisolation.ts","requestedFrom":"/Users/ammarahmed/Work/Projects/react-native/react-native-workers/example/src/screens/TestsScreen.tsx"}
{"id":"src/workers/nativequeue","absPath":"/Users/ammarahmed/Work/Projects/react-native/react-native-workers/example/src/workers/nativequeue.ts","requestedFrom":"/Users/ammarahmed/Work/Projects/react-native/react-native-workers/example/src/screens/TestsScreen.tsx"}
{"id":"src/workers/threads","absPath":"/Users/ammarahmed/Work/Projects/react-native/react-native-workers/example/src/workers/threads.ts","requestedFrom":"/Users/ammarahmed/Work/Projects/react-native/react-native-workers/example/src/screens/TestsScreen.tsx"}
{"id":"src/workers/gzip","absPath":"/Users/ammarahmed/Work/Projects/react-native/react-native-workers/example/src/workers/gzip.ts","requestedFrom":"/Users/ammarahmed/Work/Projects/react-native/react-native-workers/example/src/screens/TestsScreen.tsx"}
{"id":"src/workers/double","absPath":"/Users/ammarahmed/Work/Projects/react-native/react-native-workers/example/src/workers/double.ts","requestedFrom":"/Users/ammarahmed/Work/Projects/react-native/react-native-workers/example/src/screens/TestsScreen.tsx"}
{"id":"src/workers/blobutil","absPath":"/Users/ammarahmed/Work/Projects/react-native/react-native-workers/example/src/workers/blobutil.ts","requestedFrom":"/Users/ammarahmed/Work/Projects/react-native/react-native-workers/example/src/screens/TestsScreen.tsx"}
{"id":"src/workers/blob","absPath":"/Users/ammarahmed/Work/Projects/react-native/react-native-workers/example/src/workers/blob.ts","requestedFrom":"/Users/ammarahmed/Work/Projects/react-native/react-native-workers/example/src/screens/TestsScreen.tsx"}
{"id":"src/workers/mmkv","absPath":"/Users/ammarahmed/Work/Projects/react-native/react-native-workers/example/src/workers/mmkv.ts","requestedFrom":"/Users/ammarahmed/Work/Projects/react-native/react-native-workers/example/src/screens/TestsScreen.tsx"}
{"id":"src/workers/mmkv2","absPath":"/Users/ammarahmed/Work/Projects/react-native/react-native-workers/example/src/workers/mmkv2.ts","requestedFrom":"/Users/ammarahmed/Work/Projects/react-native/react-native-workers/example/src/screens/TestsScreen.tsx"}
{"id":"src/workers/netisolation","absPath":"/Users/ammarahmed/Work/Projects/react-native/react-native-workers/example/src/workers/netisolation.ts","requestedFrom":"/Users/ammarahmed/Work/Projects/react-native/react-native-workers/example/src/screens/TestsScreen.tsx"}
{"id":"src/workers/nativequeue","absPath":"/Users/ammarahmed/Work/Projects/react-native/react-native-workers/example/src/workers/nativequeue.ts","requestedFrom":"/Users/ammarahmed/Work/Projects/react-native/react-native-workers/example/src/screens/TestsScreen.tsx"}
{"id":"src/workers/threads","absPath":"/Users/ammarahmed/Work/Projects/react-native/react-native-workers/example/src/workers/threads.ts","requestedFrom":"/Users/ammarahmed/Work/Projects/react-native/react-native-workers/example/src/screens/TestsScreen.tsx"}
{"id":"src/workers/gzip","absPath":"/Users/ammarahmed/Work/Projects/react-native/react-native-workers/example/src/workers/gzip.ts","requestedFrom":"/Users/ammarahmed/Work/Projects/react-native/react-native-workers/example/src/screens/TestsScreen.tsx"}
{"id":"src/workers/double","absPath":"/Users/ammarahmed/Work/Projects/react-native/react-native-workers/example/src/workers/double.ts","requestedFrom":"/Users/ammarahmed/Work/Projects/react-native/react-native-workers/example/src/screens/TestsScreen.tsx"}
{"id":"src/workers/blobutil","absPath":"/Users/ammarahmed/Work/Projects/react-native/react-native-workers/example/src/workers/blobutil.ts","requestedFrom":"/Users/ammarahmed/Work/Projects/react-native/react-native-workers/example/src/screens/TestsScreen.tsx"}
{"id":"src/workers/blob","absPath":"/Users/ammarahmed/Work/Projects/react-native/react-native-workers/example/src/workers/blob.ts","requestedFrom":"/Users/ammarahmed/Work/Projects/react-native/react-native-workers/example/src/screens/TestsScreen.tsx"}
{"id":"src/workers/mmkv","absPath":"/Users/ammarahmed/Work/Projects/react-native/react-native-workers/example/src/workers/mmkv.ts","requestedFrom":"/Users/ammarahmed/Work/Projects/react-native/react-native-workers/example/src/screens/TestsScreen.tsx"}
{"id":"src/workers/mmkv2","absPath":"/Users/ammarahmed/Work/Projects/react-native/react-native-workers/example/src/workers/mmkv2.ts","requestedFrom":"/Users/ammarahmed/Work/Projects/react-native/react-native-workers/example/src/screens/TestsScreen.tsx"}
{"id":"src/workers/netisolation","absPath":"/Users/ammarahmed/Work/Projects/react-native/react-native-workers/example/src/workers/netisolation.ts","requestedFrom":"/Users/ammarahmed/Work/Projects/react-native/react-native-workers/example/src/screens/TestsScreen.tsx"}
{"id":"src/workers/nativequeue","absPath":"/Users/ammarahmed/Work/Projects/react-native/react-native-workers/example/src/workers/nativequeue.ts","requestedFrom":"/Users/ammarahmed/Work/Projects/react-native/react-native-workers/example/src/screens/TestsScreen.tsx"}
{"id":"src/workers/threads","absPath":"/Users/ammarahmed/Work/Projects/react-native/react-native-workers/example/src/workers/threads.ts","requestedFrom":"/Users/ammarahmed/Work/Projects/react-native/react-native-workers/example/src/screens/TestsScreen.tsx"}
{"id":"src/workers/gzip","absPath":"/Users/ammarahmed/Work/Projects/react-native/react-native-workers/example/src/workers/gzip.ts","requestedFrom":"/Users/ammarahmed/Work/Projects/react-native/react-native-workers/example/src/screens/TestsScreen.tsx"}
{"id":"src/workers/double","absPath":"/Users/ammarahmed/Work/Projects/react-native/react-native-workers/example/src/workers/double.ts","requestedFrom":"/Users/ammarahmed/Work/Projects/react-native/react-native-workers/example/src/screens/TestsScreen.tsx"}
{"id":"src/workers/blobutil","absPath":"/Users/ammarahmed/Work/Projects/react-native/react-native-workers/example/src/workers/blobutil.ts","requestedFrom":"/Users/ammarahmed/Work/Projects/react-native/react-native-workers/example/src/screens/TestsScreen.tsx"}
{"id":"src/workers/blob","absPath":"/Users/ammarahmed/Work/Projects/react-native/react-native-workers/example/src/workers/blob.ts","requestedFrom":"/Users/ammarahmed/Work/Projects/react-native/react-native-workers/example/src/screens/TestsScreen.tsx"}
{"id":"src/workers/mmkv","absPath":"/Users/ammarahmed/Work/Projects/react-native/react-native-workers/example/src/workers/mmkv.ts","requestedFrom":"/Users/ammarahmed/Work/Projects/react-native/react-native-workers/example/src/screens/TestsScreen.tsx"}
{"id":"src/workers/mmkv2","absPath":"/Users/ammarahmed/Work/Projects/react-native/react-native-workers/example/src/workers/mmkv2.ts","requestedFrom":"/Users/ammarahmed/Work/Projects/react-native/react-native-workers/example/src/screens/TestsScreen.tsx"}
{"id":"src/workers/netisolation","absPath":"/Users/ammarahmed/Work/Projects/react-native/react-native-workers/example/src/workers/netisolation.ts","requestedFrom":"/Users/ammarahmed/Work/Projects/react-native/react-native-workers/example/src/screens/TestsScreen.tsx"}
{"id":"src/workers/nativequeue","absPath":"/Users/ammarahmed/Work/Projects/react-native/react-native-workers/example/src/workers/nativequeue.ts","requestedFrom":"/Users/ammarahmed/Work/Projects/react-native/react-native-workers/example/src/screens/TestsScreen.tsx"}
{"id":"src/workers/sharedbufferpost","absPath":"/Users/ammarahmed/Work/Projects/react-native/react-native-workers/example/src/workers/sharedbufferpost.ts","requestedFrom":"/Users/ammarahmed/Work/Projects/react-native/react-native-workers/example/src/screens/TestsScreen.tsx"}
{"id":"src/workers/threads","absPath":"/Users/ammarahmed/Work/Projects/react-native/react-native-workers/example/src/workers/threads.ts","requestedFrom":"/Users/ammarahmed/Work/Projects/react-native/react-native-workers/example/src/screens/TestsScreen.tsx"}
{"id":"src/workers/gzip","absPath":"/Users/ammarahmed/Work/Projects/react-native/react-native-workers/example/src/workers/gzip.ts","requestedFrom":"/Users/ammarahmed/Work/Projects/react-native/react-native-workers/example/src/screens/TestsScreen.tsx"}
{"id":"src/workers/double","absPath":"/Users/ammarahmed/Work/Projects/react-native/react-native-workers/example/src/workers/double.ts","requestedFrom":"/Users/ammarahmed/Work/Projects/react-native/react-native-workers/example/src/screens/TestsScreen.tsx"}
{"id":"src/workers/blobutil","absPath":"/Users/ammarahmed/Work/Projects/react-native/react-native-workers/example/src/workers/blobutil.ts","requestedFrom":"/Users/ammarahmed/Work/Projects/react-native/react-native-workers/example/src/screens/TestsScreen.tsx"}
{"id":"src/workers/blob","absPath":"/Users/ammarahmed/Work/Projects/react-native/react-native-workers/example/src/workers/blob.ts","requestedFrom":"/Users/ammarahmed/Work/Projects/react-native/react-native-workers/example/src/screens/TestsScreen.tsx"}
{"id":"src/workers/mmkv","absPath":"/Users/ammarahmed/Work/Projects/react-native/react-native-workers/example/src/workers/mmkv.ts","requestedFrom":"/Users/ammarahmed/Work/Projects/react-native/react-native-workers/example/src/screens/TestsScreen.tsx"}
{"id":"src/workers/mmkv2","absPath":"/Users/ammarahmed/Work/Projects/react-native/react-native-workers/example/src/workers/mmkv2.ts","requestedFrom":"/Users/ammarahmed/Work/Projects/react-native/react-native-workers/example/src/screens/TestsScreen.tsx"}
{"id":"src/workers/netisolation","absPath":"/Users/ammarahmed/Work/Projects/react-native/react-native-workers/example/src/workers/netisolation.ts","requestedFrom":"/Users/ammarahmed/Work/Projects/react-native/react-native-workers/example/src/screens/TestsScreen.tsx"}
{"id":"src/workers/nativequeue","absPath":"/Users/ammarahmed/Work/Projects/react-native/react-native-workers/example/src/workers/nativequeue.ts","requestedFrom":"/Users/ammarahmed/Work/Projects/react-native/react-native-workers/example/src/screens/TestsScreen.tsx"}
{"id":"src/workers/sharedbufferpost","absPath":"/Users/ammarahmed/Work/Projects/react-native/react-native-workers/example/src/workers/sharedbufferpost.ts","requestedFrom":"/Users/ammarahmed/Work/Projects/react-native/react-native-workers/example/src/screens/TestsScreen.tsx"}
{"id":"src/workers/transfer","absPath":"/Users/ammarahmed/Work/Projects/react-native/react-native-workers/example/src/workers/transfer.ts","requestedFrom":"/Users/ammarahmed/Work/Projects/react-native/react-native-workers/example/src/screens/TestsScreen.tsx"}
{"id":"src/workers/threads","absPath":"/Users/ammarahmed/Work/Projects/react-native/react-native-workers/example/src/workers/threads.ts","requestedFrom":"/Users/ammarahmed/Work/Projects/react-native/react-native-workers/example/src/screens/TestsScreen.tsx"}
{"id":"src/workers/gzip","absPath":"/Users/ammarahmed/Work/Projects/react-native/react-native-workers/example/src/workers/gzip.ts","requestedFrom":"/Users/ammarahmed/Work/Projects/react-native/react-native-workers/example/src/screens/TestsScreen.tsx"}
{"id":"src/workers/double","absPath":"/Users/ammarahmed/Work/Projects/react-native/react-native-workers/example/src/workers/double.ts","requestedFrom":"/Users/ammarahmed/Work/Projects/react-native/react-native-workers/example/src/screens/TestsScreen.tsx"}
{"id":"src/workers/blobutil","absPath":"/Users/ammarahmed/Work/Projects/react-native/react-native-workers/example/src/workers/blobutil.ts","requestedFrom":"/Users/ammarahmed/Work/Projects/react-native/react-native-workers/example/src/screens/TestsScreen.tsx"}
{"id":"src/workers/blob","absPath":"/Users/ammarahmed/Work/Projects/react-native/react-native-workers/example/src/workers/blob.ts","requestedFrom":"/Users/ammarahmed/Work/Projects/react-native/react-native-workers/example/src/screens/TestsScreen.tsx"}
{"id":"src/workers/mmkv","absPath":"/Users/ammarahmed/Work/Projects/react-native/react-native-workers/example/src/workers/mmkv.ts","requestedFrom":"/Users/ammarahmed/Work/Projects/react-native/react-native-workers/example/src/screens/TestsScreen.tsx"}
{"id":"src/workers/mmkv2","absPath":"/Users/ammarahmed/Work/Projects/react-native/react-native-workers/example/src/workers/mmkv2.ts","requestedFrom":"/Users/ammarahmed/Work/Projects/react-native/react-native-workers/example/src/screens/TestsScreen.tsx"}
{"id":"src/workers/netisolation","absPath":"/Users/ammarahmed/Work/Projects/react-native/react-native-workers/example/src/workers/netisolation.ts","requestedFrom":"/Users/ammarahmed/Work/Projects/react-native/react-native-workers/example/src/screens/TestsScreen.tsx"}
{"id":"src/workers/nativequeue","absPath":"/Users/ammarahmed/Work/Projects/react-native/react-native-workers/example/src/workers/nativequeue.ts","requestedFrom":"/Users/ammarahmed/Work/Projects/react-native/react-native-workers/example/src/screens/TestsScreen.tsx"}
{"id":"src/workers/sharedbufferpost","absPath":"/Users/ammarahmed/Work/Projects/react-native/react-native-workers/example/src/workers/sharedbufferpost.ts","requestedFrom":"/Users/ammarahmed/Work/Projects/react-native/react-native-workers/example/src/screens/TestsScreen.tsx"}
{"id":"src/workers/transfer","absPath":"/Users/ammarahmed/Work/Projects/react-native/react-native-workers/example/src/workers/transfer.ts","requestedFrom":"/Users/ammarahmed/Work/Projects/react-native/react-native-workers/example/src/screens/TestsScreen.tsx"}
{"id":"src/workers/threads","absPath":"/Users/ammarahmed/Work/Projects/react-native/react-native-workers/example/src/workers/threads.ts","requestedFrom":"/Users/ammarahmed/Work/Projects/react-native/react-native-workers/example/src/screens/TestsScreen.tsx"}
{"id":"src/workers/gzip","absPath":"/Users/ammarahmed/Work/Projects/react-native/react-native-workers/example/src/workers/gzip.ts","requestedFrom":"/Users/ammarahmed/Work/Projects/react-native/react-native-workers/example/src/screens/TestsScreen.tsx"}
{"id":"src/workers/double","absPath":"/Users/ammarahmed/Work/Projects/react-native/react-native-workers/example/src/workers/double.ts","requestedFrom":"/Users/ammarahmed/Work/Projects/react-native/react-native-workers/example/src/screens/TestsScreen.tsx"}
{"id":"src/workers/blobutil","absPath":"/Users/ammarahmed/Work/Projects/react-native/react-native-workers/example/src/workers/blobutil.ts","requestedFrom":"/Users/ammarahmed/Work/Projects/react-native/react-native-workers/example/src/screens/TestsScreen.tsx"}
{"id":"src/workers/blob","absPath":"/Users/ammarahmed/Work/Projects/react-native/react-native-workers/example/src/workers/blob.ts","requestedFrom":"/Users/ammarahmed/Work/Projects/react-native/react-native-workers/example/src/screens/TestsScreen.tsx"}
{"id":"src/workers/mmkv","absPath":"/Users/ammarahmed/Work/Projects/react-native/react-native-workers/example/src/workers/mmkv.ts","requestedFrom":"/Users/ammarahmed/Work/Projects/react-native/react-native-workers/example/src/screens/TestsScreen.tsx"}
{"id":"src/workers/mmkv2","absPath":"/Users/ammarahmed/Work/Projects/react-native/react-native-workers/example/src/workers/mmkv2.ts","requestedFrom":"/Users/ammarahmed/Work/Projects/react-native/react-native-workers/example/src/screens/TestsScreen.tsx"}
{"id":"src/workers/netisolation","absPath":"/Users/ammarahmed/Work/Projects/react-native/react-native-workers/example/src/workers/netisolation.ts","requestedFrom":"/Users/ammarahmed/Work/Projects/react-native/react-native-workers/example/src/screens/TestsScreen.tsx"}
{"id":"src/workers/nativequeue","absPath":"/Users/ammarahmed/Work/Projects/react-native/react-native-workers/example/src/workers/nativequeue.ts","requestedFrom":"/Users/ammarahmed/Work/Projects/react-native/react-native-workers/example/src/screens/TestsScreen.tsx"}
{"id":"src/workers/sharedbufferpost","absPath":"/Users/ammarahmed/Work/Projects/react-native/react-native-workers/example/src/workers/sharedbufferpost.ts","requestedFrom":"/Users/ammarahmed/Work/Projects/react-native/react-native-workers/example/src/screens/TestsScreen.tsx"}
{"id":"src/workers/transfer","absPath":"/Users/ammarahmed/Work/Projects/react-native/react-native-workers/example/src/workers/transfer.ts","requestedFrom":"/Users/ammarahmed/Work/Projects/react-native/react-native-workers/example/src/screens/TestsScreen.tsx"}
{"id":"src/workers/threads","absPath":"/Users/ammarahmed/Work/Projects/react-native/react-native-workers/example/src/workers/threads.ts","requestedFrom":"/Users/ammarahmed/Work/Projects/react-native/react-native-workers/example/src/screens/TestsScreen.tsx"}
{"id":"src/workers/gzip","absPath":"/Users/ammarahmed/Work/Projects/react-native/react-native-workers/example/src/workers/gzip.ts","requestedFrom":"/Users/ammarahmed/Work/Projects/react-native/react-native-workers/example/src/screens/TestsScreen.tsx"}
{"id":"src/workers/double","absPath":"/Users/ammarahmed/Work/Projects/react-native/react-native-workers/example/src/workers/double.ts","requestedFrom":"/Users/ammarahmed/Work/Projects/react-native/react-native-workers/example/src/screens/TestsScreen.tsx"}
{"id":"src/workers/blobutil","absPath":"/Users/ammarahmed/Work/Projects/react-native/react-native-workers/example/src/workers/blobutil.ts","requestedFrom":"/Users/ammarahmed/Work/Projects/react-native/react-native-workers/example/src/screens/TestsScreen.tsx"}
{"id":"src/workers/blob","absPath":"/Users/ammarahmed/Work/Projects/react-native/react-native-workers/example/src/workers/blob.ts","requestedFrom":"/Users/ammarahmed/Work/Projects/react-native/react-native-workers/example/src/screens/TestsScreen.tsx"}
{"id":"src/workers/mmkv","absPath":"/Users/ammarahmed/Work/Projects/react-native/react-native-workers/example/src/workers/mmkv.ts","requestedFrom":"/Users/ammarahmed/Work/Projects/react-native/react-native-workers/example/src/screens/TestsScreen.tsx"}
{"id":"src/workers/mmkv2","absPath":"/Users/ammarahmed/Work/Projects/react-native/react-native-workers/example/src/workers/mmkv2.ts","requestedFrom":"/Users/ammarahmed/Work/Projects/react-native/react-native-workers/example/src/screens/TestsScreen.tsx"}
{"id":"src/workers/netisolation","absPath":"/Users/ammarahmed/Work/Projects/react-native/react-native-workers/example/src/workers/netisolation.ts","requestedFrom":"/Users/ammarahmed/Work/Projects/react-native/react-native-workers/example/src/screens/TestsScreen.tsx"}
{"id":"src/workers/nativequeue","absPath":"/Users/ammarahmed/Work/Projects/react-native/react-native-workers/example/src/workers/nativequeue.ts","requestedFrom":"/Users/ammarahmed/Work/Projects/react-native/react-native-workers/example/src/screens/TestsScreen.tsx"}
{"id":"src/workers/sharedbufferpost","absPath":"/Users/ammarahmed/Work/Projects/react-native/react-native-workers/example/src/workers/sharedbufferpost.ts","requestedFrom":"/Users/ammarahmed/Work/Projects/react-native/react-native-workers/example/src/screens/TestsScreen.tsx"}
{"id":"src/workers/transfer","absPath":"/Users/ammarahmed/Work/Projects/react-native/react-native-workers/example/src/workers/transfer.ts","requestedFrom":"/Users/ammarahmed/Work/Projects/react-native/react-native-workers/example/src/screens/TestsScreen.tsx"}
{"id":"src/workers/transfer","absPath":"/Users/ammarahmed/Work/Projects/react-native/react-native-workers/example/src/workers/transfer.ts","requestedFrom":"/Users/ammarahmed/Work/Projects/react-native/react-native-workers/example/src/screens/TestsScreen.tsx"}
{"id":"src/workers/threads","absPath":"/Users/ammarahmed/Work/Projects/react-native/react-native-workers/example/src/workers/threads.ts","requestedFrom":"/Users/ammarahmed/Work/Projects/react-native/react-native-workers/example/src/screens/TestsScreen.tsx"}
{"id":"src/workers/gzip","absPath":"/Users/ammarahmed/Work/Projects/react-native/react-native-workers/example/src/workers/gzip.ts","requestedFrom":"/Users/ammarahmed/Work/Projects/react-native/react-native-workers/example/src/screens/TestsScreen.tsx"}
{"id":"src/workers/double","absPath":"/Users/ammarahmed/Work/Projects/react-native/react-native-workers/example/src/workers/double.ts","requestedFrom":"/Users/ammarahmed/Work/Projects/react-native/react-native-workers/example/src/screens/TestsScreen.tsx"}
{"id":"src/workers/blobutil","absPath":"/Users/ammarahmed/Work/Projects/react-native/react-native-workers/example/src/workers/blobutil.ts","requestedFrom":"/Users/ammarahmed/Work/Projects/react-native/react-native-workers/example/src/screens/TestsScreen.tsx"}
{"id":"src/workers/blob","absPath":"/Users/ammarahmed/Work/Projects/react-native/react-native-workers/example/src/workers/blob.ts","requestedFrom":"/Users/ammarahmed/Work/Projects/react-native/react-native-workers/example/src/screens/TestsScreen.tsx"}
{"id":"src/workers/mmkv","absPath":"/Users/ammarahmed/Work/Projects/react-native/react-native-workers/example/src/workers/mmkv.ts","requestedFrom":"/Users/ammarahmed/Work/Projects/react-native/react-native-workers/example/src/screens/TestsScreen.tsx"}
{"id":"src/workers/mmkv2","absPath":"/Users/ammarahmed/Work/Projects/react-native/react-native-workers/example/src/workers/mmkv2.ts","requestedFrom":"/Users/ammarahmed/Work/Projects/react-native/react-native-workers/example/src/screens/TestsScreen.tsx"}
{"id":"src/workers/netisolation","absPath":"/Users/ammarahmed/Work/Projects/react-native/react-native-workers/example/src/workers/netisolation.ts","requestedFrom":"/Users/ammarahmed/Work/Projects/react-native/react-native-workers/example/src/screens/TestsScreen.tsx"}
{"id":"src/workers/nativequeue","absPath":"/Users/ammarahmed/Work/Projects/react-native/react-native-workers/example/src/workers/nativequeue.ts","requestedFrom":"/Users/ammarahmed/Work/Projects/react-native/react-native-workers/example/src/screens/TestsScreen.tsx"}
{"id":"src/workers/sharedbufferpost","absPath":"/Users/ammarahmed/Work/Projects/react-native/react-native-workers/example/src/workers/sharedbufferpost.ts","requestedFrom":"/Users/ammarahmed/Work/Projects/react-native/react-native-workers/example/src/screens/TestsScreen.tsx"}
{"id":"src/workers/transfer","absPath":"/Users/ammarahmed/Work/Projects/react-native/react-native-workers/example/src/workers/transfer.ts","requestedFrom":"/Users/ammarahmed/Work/Projects/react-native/react-native-workers/example/src/screens/TestsScreen.tsx"}
{"id":"src/workers/threads","absPath":"/Users/ammarahmed/Work/Projects/react-native/react-native-workers/example/src/workers/threads.ts","requestedFrom":"/Users/ammarahmed/Work/Projects/react-native/react-native-workers/example/src/screens/TestsScreen.tsx"}
{"id":"src/workers/gzip","absPath":"/Users/ammarahmed/Work/Projects/react-native/react-native-workers/example/src/workers/gzip.ts","requestedFrom":"/Users/ammarahmed/Work/Projects/react-native/react-native-workers/example/src/screens/TestsScreen.tsx"}
{"id":"src/workers/double","absPath":"/Users/ammarahmed/Work/Projects/react-native/react-native-workers/example/src/workers/double.ts","requestedFrom":"/Users/ammarahmed/Work/Projects/react-native/react-native-workers/example/src/screens/TestsScreen.tsx"}
{"id":"src/workers/blobutil","absPath":"/Users/ammarahmed/Work/Projects/react-native/react-native-workers/example/src/workers/blobutil.ts","requestedFrom":"/Users/ammarahmed/Work/Projects/react-native/react-native-workers/example/src/screens/TestsScreen.tsx"}
{"id":"src/workers/blob","absPath":"/Users/ammarahmed/Work/Projects/react-native/react-native-workers/example/src/workers/blob.ts","requestedFrom":"/Users/ammarahmed/Work/Projects/react-native/react-native-workers/example/src/screens/TestsScreen.tsx"}
{"id":"src/workers/mmkv","absPath":"/Users/ammarahmed/Work/Projects/react-native/react-native-workers/example/src/workers/mmkv.ts","requestedFrom":"/Users/ammarahmed/Work/Projects/react-native/react-native-workers/example/src/screens/TestsScreen.tsx"}
{"id":"src/workers/mmkv2","absPath":"/Users/ammarahmed/Work/Projects/react-native/react-native-workers/example/src/workers/mmkv2.ts","requestedFrom":"/Users/ammarahmed/Work/Projects/react-native/react-native-workers/example/src/screens/TestsScreen.tsx"}
{"id":"src/workers/netisolation","absPath":"/Users/ammarahmed/Work/Projects/react-native/react-native-workers/example/src/workers/netisolation.ts","requestedFrom":"/Users/ammarahmed/Work/Projects/react-native/react-native-workers/example/src/screens/TestsScreen.tsx"}
{"id":"src/workers/nativequeue","absPath":"/Users/ammarahmed/Work/Projects/react-native/react-native-workers/example/src/workers/nativequeue.ts","requestedFrom":"/Users/ammarahmed/Work/Projects/react-native/react-native-workers/example/src/screens/TestsScreen.tsx"}
{"id":"src/workers/sharedbufferpost","absPath":"/Users/ammarahmed/Work/Projects/react-native/react-native-workers/example/src/workers/sharedbufferpost.ts","requestedFrom":"/Users/ammarahmed/Work/Projects/react-native/react-native-workers/example/src/screens/TestsScreen.tsx"}
{"id":"src/workers/transfer","absPath":"/Users/ammarahmed/Work/Projects/react-native/react-native-workers/example/src/workers/transfer.ts","requestedFrom":"/Users/ammarahmed/Work/Projects/react-native/react-native-workers/example/src/screens/TestsScreen.tsx"}
{"id":"src/workers/threads","absPath":"/Users/ammarahmed/Work/Projects/react-native/react-native-workers/example/src/workers/threads.ts","requestedFrom":"/Users/ammarahmed/Work/Projects/react-native/react-native-workers/example/src/screens/TestsScreen.tsx"}
{"id":"src/workers/gzip","absPath":"/Users/ammarahmed/Work/Projects/react-native/react-native-workers/example/src/workers/gzip.ts","requestedFrom":"/Users/ammarahmed/Work/Projects/react-native/react-native-workers/example/src/screens/TestsScreen.tsx"}
{"id":"src/workers/double","absPath":"/Users/ammarahmed/Work/Projects/react-native/react-native-workers/example/src/workers/double.ts","requestedFrom":"/Users/ammarahmed/Work/Projects/react-native/react-native-workers/example/src/screens/TestsScreen.tsx"}
{"id":"src/workers/blobutil","absPath":"/Users/ammarahmed/Work/Projects/react-native/react-native-workers/example/src/workers/blobutil.ts","requestedFrom":"/Users/ammarahmed/Work/Projects/react-native/react-native-workers/example/src/screens/TestsScreen.tsx"}
{"id":"src/workers/blob","absPath":"/Users/ammarahmed/Work/Projects/react-native/react-native-workers/example/src/workers/blob.ts","requestedFrom":"/Users/ammarahmed/Work/Projects/react-native/react-native-workers/example/src/screens/TestsScreen.tsx"}
{"id":"src/workers/mmkv","absPath":"/Users/ammarahmed/Work/Projects/react-native/react-native-workers/example/src/workers/mmkv.ts","requestedFrom":"/Users/ammarahmed/Work/Projects/react-native/react-native-workers/example/src/screens/TestsScreen.tsx"}
{"id":"src/workers/mmkv2","absPath":"/Users/ammarahmed/Work/Projects/react-native/react-native-workers/example/src/workers/mmkv2.ts","requestedFrom":"/Users/ammarahmed/Work/Projects/react-native/react-native-workers/example/src/screens/TestsScreen.tsx"}
{"id":"src/workers/netisolation","absPath":"/Users/ammarahmed/Work/Projects/react-native/react-native-workers/example/src/workers/netisolation.ts","requestedFrom":"/Users/ammarahmed/Work/Projects/react-native/react-native-workers/example/src/screens/TestsScreen.tsx"}
{"id":"src/workers/nativequeue","absPath":"/Users/ammarahmed/Work/Projects/react-native/react-native-workers/example/src/workers/nativequeue.ts","requestedFrom":"/Users/ammarahmed/Work/Projects/react-native/react-native-workers/example/src/screens/TestsScreen.tsx"}
{"id":"src/workers/sharedbufferpost","absPath":"/Users/ammarahmed/Work/Projects/react-native/react-native-workers/example/src/workers/sharedbufferpost.ts","requestedFrom":"/Users/ammarahmed/Work/Projects/react-native/react-native-workers/example/src/screens/TestsScreen.tsx"}
{"id":"src/workers/transfer","absPath":"/Users/ammarahmed/Work/Projects/react-native/react-native-workers/example/src/workers/transfer.ts","requestedFrom":"/Users/ammarahmed/Work/Projects/react-native/react-native-workers/example/src/screens/TestsScreen.tsx"}
{"id":"src/workers/threads","absPath":"/Users/ammarahmed/Work/Projects/react-native/react-native-workers/example/src/workers/threads.ts","requestedFrom":"/Users/ammarahmed/Work/Projects/react-native/react-native-workers/example/src/screens/TestsScreen.tsx"}
